latitude,longitude,dpc_type,onsite
36.2126122,-115.2501872,Pure DPC,No
29.733223,-95.8455632,Pure DPC,Yes
40.7511885,-96.6650942,Hybrid,No
42.0350511,-97.4661127,Hybrid,No
41.8867506,-103.6640883,Hybrid,No
41.8422766,-87.98760190000002,Pure DPC,Yes
64.8349904,-147.845624,Pure DPC,No
33.5094088,-82.084538,Pure DPC,No
35.6487177,-88.3923076,Hybrid,No
47.7103226,-117.4074194,Pure DPC,No
34.1676286,-118.5976771,Pure DPC,No
28.3631828,-80.6998579,Pure DPC,No
47.6279456,-117.3810567,Pure DPC,No
45.6728715,-111.1009098,Hybrid,Yes
36.2126122,-115.2501872,Pure DPC,No
37.6883404,-87.9138416,Pure DPC,No
36.2145901,-115.2509281,Pure DPC,No
29.733223,-95.8455632,Pure DPC,No
43.1838426,-96.1445036,Pure DPC,No
40.7511885,-96.6650942,Hybrid,No
42.0350511,-97.4661127,Hybrid,No
41.8867506,-103.6640883,Hybrid,No
41.8422766,-87.98760190000002,Pure DPC,Yes
42.4704443,-83.2216141,Pure DPC,No
39.5799995,-104.9049004,Pure DPC,No
33.5094088,-82.084538,Pure DPC,No
35.6487177,-88.3923076,Hybrid,No
47.7103226,-117.4074194,Pure DPC,No
29.1805713,-82.1381706,Pure DPC,No
34.1676286,-118.5976771,Pure DPC,No
28.3616277,-80.70578309999999,Pure DPC,No
29.6560296,-82.487845,Pure DPC,No
37.3776032,-79.24903549999999,Pure DPC,No
33.6191929,-111.8810617,Pure DPC,No
42.84796,-106.312937,Pure DPC,No
35.0496205,-85.32172779999999,Hybrid,No
33.8425041,-84.485404,Pure DPC,No
34.1741039,-84.4184976,Pure DPC,No
40.233553,-79.562511,Pure DPC,Yes
43.4208335,-85.8004361,Pure DPC,No
42.517242,-83.33598800000001,Pure DPC,No
36.0103308,-95.88968030000001,Pure DPC,No
28.099347,-82.4615007,Pure DPC,No
39.2140045,-76.8844974,Pure DPC,Yes
32.747888,-97.3618664,Pure DPC,No
32.747334,-97.11841899999999,Pure DPC,No
30.1322157,-95.452485,Pure DPC,No
40.4793638,-78.4046406,Pure DPC,No
30.5128553,-97.7042075,Pure DPC,No
39.9315175,-105.0535963,Pure DPC,No
32.0292433,-81.0971392,Pure DPC,No
35.2116629,-87.02693599999999,Pure DPC,No
26.182099,-97.70248970000002,Pure DPC,No
39.519168,-84.742713,Pure DPC,No
44.866271,-93.32992,Pure DPC,No
30.2682617,-81.3903771,Pure DPC,No
29.5819502,-98.5394274,Pure DPC,No
42.298939,-71.0305549,Hybrid,No
33.6383106,-86.5795407,Hybrid,No
35.4115133,-80.8603084,Pure DPC,No
35.0270808,-80.9627052,Pure DPC,No
28.60529,-81.3738392,Pure DPC,No
32.8129825,-96.75429559999999,Pure DPC,No
32.8068097,-80.0079025,Pure DPC,No
38.780424,-90.57763059999999,Pure DPC,No
30.2595751,-81.3903488,Pure DPC,No
39.3537657,-84.45970059999999,Pure DPC,Yes
42.9885875,-88.0736817,Pure DPC,No
36.022895,-95.97112299999999,Hybrid,No
46.6666846,-94.1127885,Pure DPC,No
33.6392946,-117.9153344,Pure DPC,No
37.0954303,-113.5682465,Pure DPC,No
43.6406886,-70.25474779999999,Pure DPC,No
40.372134,-105.1960795,Unknown/Other,No
26.1277571,-80.2475355,Pure DPC,No
47.8503762,-122.2491874,Pure DPC,No
31.9409161,-81.05170319999999,Pure DPC,No
40.9800143,-74.1123882,Pure DPC,No
29.5736157,-98.5477683,Pure DPC,No
40.0099543,-75.1960247,Pure DPC,No
35.9840716,-75.6447434,Pure DPC,No
42.9479698,-85.5685268,Pure DPC,No
26.3780118,-81.81014449999999,Pure DPC,No
42.5015496,-70.85737879999999,Pure DPC,No
41.1358799,-81.55295930000001,Hybrid,No
40.1268264,-75.5170926,Pure DPC,No
34.5871874,-112.3188283,Pure DPC,No
26.6731877,-80.24731299999999,Hybrid,No
33.1372024,-96.7311419,Pure DPC,Yes
39.454392,-76.630446,Hybrid,No
40.1991439,-75.1194651,Pure DPC,No
36.3900798,-97.8645075,Pure DPC,No
40.5899453,-75.6277721,Pure DPC,No
43.1078704,-89.49683979999999,Pure DPC,No
36.419198,-97.927421,Pure DPC,No
39.1850351,-76.8701593,Pure DPC,No
32.4815681,-96.9891667,Pure DPC,No
34.0486995,-84.5906193,Pure DPC,No
30.0483865,-95.1853596,Pure DPC,No
41.0154442,-73.8682089,Pure DPC,No
40.3105918,-111.6829138,Pure DPC,No
28.185374,-82.669414,Hybrid,No
26.2734038,-81.7909645,Pure DPC,No
38.8743366,-104.8545052,Pure DPC,No
42.3151364,-122.8459134,Pure DPC,No
29.1565443,-81.0397155,Pure DPC,No
42.35145550000001,-71.07184509999999,Pure DPC,No
47.54324829999999,-122.3875841,Pure DPC,No
39.191121,-95.57069299999999,Pure DPC,No
29.79475499999999,-98.731982,Pure DPC,No
29.6227829,-98.6101838,Pure DPC,No
39.3290262,-84.314499,Pure DPC,No
44.6161997,-123.1151994,Pure DPC,No
35.0518036,-85.1807629,Pure DPC,No
45.590793,-94.2253784,Pure DPC,No
29.2546373,-81.1206302,Pure DPC,No
33.810632,-117.8236328,Unknown/Other,No
36.0167279,-95.92081139999999,Pure DPC,No
42.19094219999999,-87.8573541,Pure DPC,No
33.473507,-86.80917219999999,Pure DPC,No
41.2606932,-80.7846083,Pure DPC,No
39.6615693,-99.57201529999999,Pure DPC,No
39.1239758,-84.48844559999999,Pure DPC,No
38.9437649,-76.9918509,Hybrid,No
27.3172414,-80.403048,Pure DPC,No
32.2998898,-106.7388061,Pure DPC,No
47.2170632,-122.5367678,Pure DPC,No
47.7108107,-116.9496092,Pure DPC,No
42.2456121,-83.7598334,Pure DPC,No
38.7044742,-91.4372209,Pure DPC,No
26.9325282,-82.33632360000001,Pure DPC,No
33.6805431,-112.2253851,Pure DPC,No
36.006268,-115.1110479,Pure DPC,Yes
26.5538347,-81.898581,Pure DPC,No
44.2620459,-72.5761382,Hybrid,No
36.7107695,-76.25773889999999,Pure DPC,No
26.2499413,-80.2524182,Pure DPC,Yes
28.6662648,-81.22111660000002,Pure DPC,No
29.7868352,-95.4977521,Pure DPC,No
39.7150313,-75.6733046,Pure DPC,No
32.133321,-81.25274499999999,Pure DPC,No
38.0447663,-84.4278288,Pure DPC,No
33.033289,-97.0687937,Pure DPC,No
41.3063215,-105.5476032,Hybrid,No
30.1743599,-92.0799263,Pure DPC,No
34.9782695,-80.5250483,Hybrid,Yes
26.1915725,-97.6963214,Pure DPC,No
37.7104796,-85.8369858,Pure DPC,No
34.2367146,-77.83248449999999,Pure DPC,No
45.5777322,-94.18319199999999,Hybrid,No
32.933866,-97.211654,Pure DPC,No
32.4065416,-90.1450692,Pure DPC,No
34.9594076,-89.8571099,Pure DPC,No
33.6620133,-85.8253695,Pure DPC,Yes
41.8813516,-87.6391503,Pure DPC,No
40.5331619,-105.0731173,Pure DPC,No
35.9601212,-78.9553837,Pure DPC,No
43.491138,-111.999875,Hybrid,Yes
40.12057,-88.2437257,Pure DPC,No
41.3416529,-86.3083869,Pure DPC,No
41.930203,-87.864873,Pure DPC,No
27.1928549,-80.22161489999999,Pure DPC,No
40.5747981,-105.0567693,Pure DPC,No
28.664851,-81.2230103,Pure DPC,No
29.9231313,-95.1954777,Pure DPC,No
42.07077779999999,-88.20907590000002,Hybrid,No
34.2641988,-85.8635369,Pure DPC,No
45.6882513,-122.6103817,Pure DPC,No
29.6918394,-82.4994284,Pure DPC,No
26.6431541,-81.8688193,Pure DPC,No
35.9543729,-84.14761519999999,Pure DPC,No
36.2211961,-86.33989419999999,Pure DPC,No
41.6659071,-86.2371666,Pure DPC,No
40.7107604,-99.0825818,Pure DPC,No
41.1495801,-95.9148654,Pure DPC,No
40.841391,-96.60681129999999,Pure DPC,No
41.1324304,-96.2494803,Pure DPC,No
41.2472467,-96.1943237,Pure DPC,No
41.1381789,-96.04149129999999,Pure DPC,No
41.2101754,-95.9475351,Pure DPC,No
37.6681771,-120.9894511,Pure DPC,No
37.8771476,-122.1796888,Pure DPC,No
35.7458246,-78.87217629999999,Pure DPC,No
27.3937294,-82.53082429999999,Pure DPC,No
42.0275831,-88.08080509999999,Pure DPC,No
41.7016067,-87.68172779999999,Hybrid,No
37.9414747,-97.869843,Pure DPC,Yes
35.78530200000001,-78.636636,Pure DPC,No
42.7019221,-84.4347854,Pure DPC,No
38.8997701,-77.26990119999999,Pure DPC,No
37.3933279,-89.6703418,Pure DPC,No
37.3289364,-89.5729733,Pure DPC,No
32.9291809,-96.8024181,Pure DPC,Yes
40.7210153,-99.08768119999999,Pure DPC,No
45.5329445,-122.5532938,Hybrid,No
34.9775468,-80.52480949999999,Pure DPC,No
43.54785330000001,-109.6652877,Hybrid,No
27.7866945,-82.64642409999999,Pure DPC,No
35.3202514,-80.7730575,Pure DPC,No
36.30065099999999,-82.468955,Pure DPC,No
32.7080686,-97.4015541,Pure DPC,No
48.2210213,-114.3283666,Pure DPC,No
38.7319835,-88.0718682,Pure DPC,No
36.981803,-121.9665187,Pure DPC,No
42.4566911,-75.0625292,Pure DPC,No
39.7317325,-77.4741967,Pure DPC,No
37.338327,-108.6014661,Pure DPC,No
46.8899005,-114.0406842,Hybrid,No
38.57756930000001,-122.5758711,Pure DPC,No
38.5667398,-121.4418379,Pure DPC,No
39.36103629999999,-104.8617346,Hybrid,No
42.5997068,-83.61008509999999,Pure DPC,No
40.0477533,-83.1246438,Hybrid,No
48.391898,-122.4886393,Hybrid,No
45.6740012,-121.4990685,Pure DPC,No
38.567925,-90.40758489999999,Pure DPC,No
31.2062091,-83.2504785,Pure DPC,No
42.6743719,-83.1520017,Pure DPC,No
30.3189405,-95.47766299999999,Pure DPC,No
34.208035,-77.849836,Pure DPC,No
37.2802867,-107.8571696,Pure DPC,No
30.7507857,-86.5627063,Pure DPC,No
40.6351132,-80.31666969999999,Pure DPC,No
36.3225716,-76.217413,Pure DPC,No
38.7742099,-76.07640359999999,Unknown/Other,No
33.5778631,-101.8551665,Pure DPC,No
35.9937381,-115.1003922,Pure DPC,No
41.868765,-87.6628999,Pure DPC,No
42.3211819,-122.8739533,Pure DPC,No
34.10448969999999,-118.1451902,Pure DPC,Yes
33.6580837,-117.8611339,Pure DPC,No
33.6743057,-111.9782136,Pure DPC,No
29.5207179,-98.6401272,Hybrid,No
41.0154442,-73.8682089,Pure DPC,No
32.219316,-110.7739575,Pure DPC,No
32.58366,-93.7305488,Pure DPC,No
47.17533359999999,-122.2907247,Pure DPC,No
32.0355084,-81.010932,Pure DPC,No
47.68524009999999,-114.1614352,Pure DPC,No
42.2189649,-71.0028919,Pure DPC,No
28.1944834,-82.3550914,Pure DPC,No
38.2244404,-78.37431219999999,Pure DPC,No
43.0196561,-70.91513909999999,Pure DPC,No
32.464514,-99.72623329999999,Pure DPC,No
41.1008763,-74.029438,Hybrid,No
39.4470824,-119.7478973,Pure DPC,No
38.1505847,-107.7568202,Pure DPC,No
32.4316921,-93.7252698,Pure DPC,No
41.8038058,-87.9243903,Pure DPC,No
44.9467667,-93.13299699999999,Pure DPC,No
37.20824220000001,-93.294902,Pure DPC,No
38.8773643,-94.778463,Pure DPC,No
38.7573704,-75.1578899,Pure DPC,No
33.414661,-84.5600947,Pure DPC,No
42.1935562,-88.1981497,Pure DPC,No
33.2347522,-111.7176734,Pure DPC,No
29.1940123,-82.1028573,Pure DPC,No
36.6864795,-93.8647962,Pure DPC,No
34.7684333,-92.4498303,Pure DPC,No
37.2230665,-107.8602461,Pure DPC,No
38.021734,-97.3329382,Pure DPC,No
42.0319427,-71.24122009999999,Pure DPC,No
35.8416845,-78.6114966,Pure DPC,Yes
38.8357914,-77.0981294,Pure DPC,No
30.7485213,-98.67548719999999,Pure DPC,No
34.9601451,-81.0426378,Pure DPC,No
35.9015794,-78.8006654,Pure DPC,No
30.8176612,-97.61510709999999,Pure DPC,No
41.5656864,-83.61518769999999,Pure DPC,No
39.4336656,-75.7125779,Hybrid,No
46.7269019,-116.9983197,Pure DPC,Yes
40.54368660000001,-105.056331,Pure DPC,No
38.9505213,-94.6694576,Pure DPC,No
33.875036,-98.56287379999999,Pure DPC,No
44.7677878,-68.7979616,Pure DPC,No
35.6039749,-77.4052415,Pure DPC,No
38.507859,-82.6952316,Pure DPC,No
31.288728,-92.3276829,Pure DPC,No
34.6771379,-88.5606045,Pure DPC,No
35.1991837,-101.9164025,Pure DPC,No
33.6891284,-117.9925556,Pure DPC,No
41.3124749,-81.6817026,Hybrid,No
39.7824277,-105.0601924,Hybrid,No
43.2100819,-87.92347029999999,Hybrid,No
40.6965471,-111.5430572,Pure DPC,No
40.01177430000001,-86.127555,Pure DPC,No
41.6111514,-88.21499999999999,Hybrid,No
40.2075033,-74.8673779,Pure DPC,No
40.741409,-111.8428183,Pure DPC,No
35.1762016,-106.5684432,Pure DPC,No
38.0968,-97.9461,Pure DPC,No
37.7227204,-97.1972965,Pure DPC,No
41.2359977,-96.0209872,Pure DPC,No
30.13039,-95.552488,Pure DPC,No
45.5762466,-122.7946414,Pure DPC,No
39.9165052,-86.1558604,Pure DPC,No
41.2499517,-95.8135882,Pure DPC,No
39.759067,-84.056949,Hybrid,No
36.3157505,-94.19462109999999,Pure DPC,No
34.951838,-82.239262,Pure DPC,No
40.015203,-105.2477744,Hybrid,No
40.1350339,-105.1049284,Hybrid,No
40.0133395,-105.284034,Hybrid,No
41.25940480000001,-96.0520777,Pure DPC,No
35.5795404,-82.55908409999999,Pure DPC,No
38.9111135,-94.65238079999999,Pure DPC,No
30.6502841,-96.2976061,Pure DPC,No
33.5550992,-79.0426779,Pure DPC,No
32.8098439,-79.850594,Pure DPC,No
43.4749872,-110.7748631,Pure DPC,No
47.01471009999999,-122.8234795,Pure DPC,No
40.638863,-80.0623833,Pure DPC,No
47.5938169,-122.3838947,Pure DPC,No
40.6160279,-103.211664,Pure DPC,No
47.8126717,-122.3773974,Unknown/Other,No
32.2661138,-95.34003179999999,Pure DPC,Yes
33.1259184,-117.0722187,Pure DPC,No
39.637344,-84.1057824,Pure DPC,No
40.0208399,-105.2615323,Hybrid,No
40.4617982,-105.0787118,Pure DPC,No
40.5492818,-105.0790993,Pure DPC,No
28.4306739,-81.4799394,Pure DPC,No
39.1201188,-84.4852611,Pure DPC,No
40.577962,-122.392861,Pure DPC,No
42.1984089,-85.63189969999999,Pure DPC,No
30.0246414,-90.27120359999999,Pure DPC,No
29.969452,-95.55263339999999,Pure DPC,No
42.9187174,-85.5804648,Pure DPC,No
36.7171983,-95.9357285,Pure DPC,No
42.3641415,-71.06278069999999,Pure DPC,No
40.21910099999999,-74.687308,Pure DPC,No
40.2662716,-74.800767,Pure DPC,No
39.9221125,-75.0027367,Pure DPC,No
40.5011741,-74.4564881,Pure DPC,No
39.8494918,-74.9881322,Pure DPC,No
28.7555402,-81.32546219999999,Hybrid,No
34.1694241,-84.18868739999999,Pure DPC,No
45.6317371,-89.4036285,Hybrid,No
35.3798146,-81.377619,Pure DPC,No
26.274723,-80.12111999999999,Pure DPC,No
40.3752202,-83.75356909999999,Pure DPC,No
33.1596726,-96.6371326,Pure DPC,Yes
38.9727997,-95.2739706,Pure DPC,No
40.5521634,-105.0808126,Hybrid,No
40.5216161,-105.0305829,Hybrid,No
39.548813,-104.7771173,Hybrid,No
40.1786346,-122.2369828,Pure DPC,No
29.7760102,-95.74283849999999,Pure DPC,No
42.0917311,-71.4308176,Pure DPC,No
43.2286295,-87.9251675,Pure DPC,No
34.8702604,-82.35820369999999,Pure DPC,No
33.9854459,-81.0280631,Pure DPC,No
34.9221213,-81.9825848,Pure DPC,No
39.0334551,-94.3755808,Pure DPC,No
35.4819862,-97.76861509999999,Pure DPC,No
40.289795,-74.8780628,Pure DPC,No
35.8549754,-77.0556144,Pure DPC,No
32.667334,-97.4217855,Pure DPC,No
39.00201,-94.35300699999999,Pure DPC,No
42.3056623,-83.68419659999999,Pure DPC,No
45.0048424,-122.7825886,Pure DPC,No
37.79415729999999,-122.422614,Pure DPC,No
28.5933483,-81.3667155,Pure DPC,No
41.0726697,-85.21882629999999,Pure DPC,No
39.351736,-94.766059,Pure DPC,No
42.2180427,-122.73753,Pure DPC,No
35.7725615,-86.91223839999999,Pure DPC,No
42.3818352,-87.96103049999999,Hybrid,No
42.2749618,-87.9531615,Pure DPC,No
33.4142246,-84.55923709999999,Pure DPC,No
38.8357914,-77.0981294,Pure DPC,No
42.2614843,-71.11077949999999,Pure DPC,No
42.4137292,-71.07812059999999,Pure DPC,No
32.2198658,-110.8084909,Pure DPC,No
33.4940398,-112.1275125,Pure DPC,No
33.5807811,-112.2006321,Pure DPC,No
47.6247704,-122.3077304,Hybrid,No
33.6275895,-112.0113666,Pure DPC,No
47.7395617,-122.3439376,Pure DPC,No
47.60011369999999,-122.301807,Pure DPC,No
47.4843692,-122.2159027,Pure DPC,No
39.696034,-104.9388397,Pure DPC,No
39.8450218,-105.0543009,Pure DPC,No
39.7435511,-105.0809953,Pure DPC,No
33.4162327,-111.6339446,Pure DPC,No
33.3943708,-111.7209891,Pure DPC,No
47.3122546,-122.3150896,Pure DPC,No
39.6973624,-104.8189052,Pure DPC,No
39.606778,-105.0898099,Pure DPC,No
43.7017047,-72.2903553,Hybrid,No
32.2494336,-110.9094177,Pure DPC,No
38.9854712,-94.35406429999999,Pure DPC,No
31.5182462,-97.2096136,Pure DPC,No
37.154782,-93.27716579999999,Pure DPC,No
39.7513027,-104.8898403,Pure DPC,No
35.3859926,-119.0228837,Pure DPC,No
45.7042247,-121.5258688,Hybrid,No
40.392827,-111.9179218,Hybrid,No
40.51945449999999,-111.9399062,Hybrid,No
40.4303408,-111.8501047,Hybrid,No
37.0542823,-94.4499683,Pure DPC,Yes
33.9926869,-81.2479958,Pure DPC,No
35.8872021,-86.38625329999999,Pure DPC,No
42.9392024,-73.65173539999999,Pure DPC,No
30.2957588,-97.8252651,Unknown/Other,No
47.5712599,-122.6164787,Hybrid,No
36.1473684,-98.9242082,Pure DPC,No
41.85242760000001,-72.6468187,Hybrid,No
35.7172242,-77.957998,Pure DPC,Yes
39.2852262,-84.3983334,Hybrid,No
46.7110236,-122.9972714,Pure DPC,No
47.73808390000001,-122.6427361,Pure DPC,No
47.797705,-122.5088821,Pure DPC,No
42.3256261,-83.08156029999999,Pure DPC,No
44.0470425,-123.0970634,Pure DPC,No
35.61807659999999,-97.47874680000001,Pure DPC,No
45.5295222,-122.6969282,Pure DPC,No
39.0690512,-108.5612974,Pure DPC,No
33.6926571,-117.7678205,Pure DPC,No
39.1063242,-104.8606486,Pure DPC,No
30.5296731,-97.80236579999999,Pure DPC,No
40.8129087,-96.6089811,Pure DPC,No
47.2070016,-122.464756,Hybrid,No
46.6182863,-120.5579481,Pure DPC,No
32.2716345,-80.868343,Pure DPC,No
26.3598436,-80.1033358,Pure DPC,No
33.188956,-117.328639,Pure DPC,No
47.6164682,-122.3411395,Pure DPC,No
35.1128285,-85.2654495,Pure DPC,No
32.8885871,-97.09560959999999,Pure DPC,No
43.5804195,-116.3540703,Pure DPC,No
43.5878192,-70.3462028,Hybrid,No
37.2257008,-80.41037390000001,Pure DPC,No
47.4891057,-122.1723034,Pure DPC,No
31.3355319,-94.7298222,Pure DPC,No
34.833438,-106.682188,Pure DPC,No
40.7499816,-111.8865053,Pure DPC,No
39.6558544,-104.9906425,Hybrid,No
30.3466085,-97.96256419999999,Pure DPC,No
34.8152962,-82.42326179999999,Pure DPC,No
35.43853500000001,-80.872193,Pure DPC,No
43.2102659,-71.4960389,Pure DPC,No
38.3768378,-97.67130089999999,Pure DPC,Yes
26.0852684,-80.37397659999999,Hybrid,No
35.8830151,-78.6467443,Pure DPC,No
39.6348595,-86.0910419,Hybrid,No
32.5388382,-94.76725739999999,Pure DPC,No
40.0361084,-83.01667169999999,Unknown/Other,No
35.5804677,-82.56385449999999,Pure DPC,No
38.3291303,-85.4710344,Pure DPC,No
43.6248276,-116.2200336,Pure DPC,No
39.9658548,-86.15888799999999,Pure DPC,No
38.8423695,-106.1199441,Pure DPC,No
39.9076836,-86.1972645,Pure DPC,No
27.9414992,-82.4679912,Pure DPC,No
44.0637561,-121.3094111,Hybrid,No
42.2835933,-71.3716286,Pure DPC,No
35.9886637,-95.9064286,Pure DPC,No
39.0153708,-95.7787484,Pure DPC,No
34.4454694,-85.7180906,Pure DPC,No
40.05804029999999,-76.3601424,Pure DPC,No
35.5798662,-82.5639771,Pure DPC,No
38.9865692,-95.27723979999999,Pure DPC,No
37.66757399999999,-97.2938879,Pure DPC,No
37.5902472,-77.5081465,Pure DPC,No
37.7236914,-97.4296882,Pure DPC,No
37.9993274,-84.5398701,Pure DPC,No
37.6540869,-84.7541713,Pure DPC,No
37.7099743,-97.2150013,Pure DPC,No
41.5136823,-74.0255392,Pure DPC,No
43.6300656,-70.2812414,Pure DPC,No
37.1292082,-80.41188009999999,Pure DPC,No
39.2296014,-76.8123947,Pure DPC,No
33.5094088,-82.084538,Pure DPC,No
34.5159409,-82.64965240000001,Pure DPC,No
40.347655,-88.7614825,Pure DPC,No
39.995731,-76.182619,Pure DPC,No
34.1992282,-77.9242175,Pure DPC,No
33.7748473,-84.2998341,Pure DPC,No
40.8955414,-85.5147083,Pure DPC,No
41.6245203,-71.4928489,Pure DPC,No
28.1286164,-82.522114,Pure DPC,No
42.238896,-88.0003479,Pure DPC,No
44.5371929,-67.88094,Hybrid,No
35.8596856,-78.63867239999999,Pure DPC,No
32.1176007,-81.25502379999999,Pure DPC,No
41.4593868,-87.0214652,Pure DPC,No
34.62638020000001,-112.4921482,Pure DPC,No
34.1713812,-84.1340566,Pure DPC,No
35.916625,-82.299887,Pure DPC,No
37.2802867,-107.8571696,Pure DPC,No
40.3440321,-80.05249669999999,Unknown/Other,No
32.2424912,-110.8433095,Pure DPC,No
40.3078129,-75.1372306,Pure DPC,No
42.7226489,-83.415787,Pure DPC,No
25.686249,-80.37747829999999,Pure DPC,No
47.6236893,-122.5211322,Pure DPC,No
21.565044,-158.1201553,Pure DPC,No
37.0695594,-93.2210633,Pure DPC,No
30.1948164,-81.38250149999999,Pure DPC,No
26.7546412,-80.93550490000001,Unknown/Other,No
38.9679631,-76.52023559999999,Pure DPC,No
44.085749,-121.3081842,Unknown/Other,No
64.83569849999999,-147.7566155,Unknown/Other,No
32.4695516,-90.1444525,Pure DPC,No
32.90173040000001,-96.9568635,Pure DPC,No
47.6247795,-122.2946709,Pure DPC,No
42.9155321,-83.6219216,Pure DPC,No
38.0519224,-78.6808686,Pure DPC,No
40.05460000000001,-86.0108418,Pure DPC,No
43.1479316,-70.67618929999999,Pure DPC,No
26.4355698,-82.077249,Unknown/Other,No
36.7370739,-119.78499,Pure DPC,No
47.6223552,-122.1843245,Pure DPC,No
42.5609306,-83.1710421,Pure DPC,No
30.5874766,-97.66061800000001,Hybrid,No
37.790006,-122.4036761,Pure DPC,No
26.3781887,-81.8099132,Unknown/Other,No
38.211818,-84.2523798,Hybrid,No
37.0487655,-93.30242489999999,Unknown/Other,No
38.8891566,-77.12856219999999,Pure DPC,No
27.9872538,-82.7456387,Pure DPC,No
39.3883604,-107.0838886,Pure DPC,No
35.55455740000001,-82.48194989999999,Pure DPC,No
26.5001196,-81.9129088,Unknown/Other,No
33.1993414,-96.6531267,Pure DPC,No
35.9387469,-86.8325449,Pure DPC,No
38.8054863,-77.05505219999999,Pure DPC,No
47.0468547,-122.9527886,Unknown/Other,No
47.922716,-122.2926529,Pure DPC,No
34.9574228,-81.04825260000001,Pure DPC,No
40.50171,-78.40890879999999,Unknown/Other,No
45.623503,-122.6468723,Pure DPC,No
32.8364143,-96.75287159999999,Pure DPC,No
38.3053798,-104.5986323,Pure DPC,No
40.7337899,-73.08562789999999,Pure DPC,No
35.2467653,-97.49558139999999,Pure DPC,No
31.6530516,-94.6522597,Hybrid,No
38.2775409,-85.5019841,Pure DPC,No
41.8883657,-87.79347109999999,Pure DPC,No
39.7069002,-104.9344136,Pure DPC,No
36.1133617,-94.15325589999999,Pure DPC,No
35.5228728,-97.56746679999999,Pure DPC,No
35.6181391,-97.4781456,Pure DPC,No
39.84526109999999,-75.7164554,Pure DPC,No
39.1454432,-84.374074,Pure DPC,No
39.013731,-94.71162749999999,Pure DPC,No
44.4535999,-73.16589809999999,Pure DPC,No
34.1233451,-93.080984,Pure DPC,No
35.1367362,-106.5501207,Pure DPC,No
44.7548274,-108.7535287,Pure DPC,No
35.163221,-106.593996,Pure DPC,No
47.7451637,-117.3975878,Unknown/Other,No
33.5342474,-111.9882528,Pure DPC,No
36.3208596,-76.2192027,Pure DPC,No
38.9283364,-94.69859749999999,Pure DPC,No
36.0311185,-95.90285,Pure DPC,No
39.1731914,-76.822159,Hybrid,No
42.2772042,-88.9779164,Pure DPC,No
36.6715572,-83.3680316,Pure DPC,No
36.3268426,-82.3502963,Pure DPC,No
19.7107434,-155.0787435,Pure DPC,No
43.6270842,-116.3554942,Hybrid,No
42.3182191,-122.8277692,Pure DPC,No
39.0072305,-84.635785,Pure DPC,No
39.4633652,-95.8115971,Pure DPC,No
32.7594982,-108.3152144,Unknown/Other,No
42.2719785,-84.98146659999999,Pure DPC,No
42.244635,-84.75208099999999,Pure DPC,No
34.8291302,-82.603619,Pure DPC,No
47.6618076,-122.2855469,Pure DPC,Yes
47.668368,-122.380854,Pure DPC,Yes
46.5855881,-120.5046437,Pure DPC,Yes
45.5206322,-122.6773577,Pure DPC,Yes
47.6177748,-122.3367197,Pure DPC,Yes
47.6106058,-122.3284982,Pure DPC,Yes
47.5970324,-122.3284846,Pure DPC,Yes
35.2192002,-111.6215125,Pure DPC,Yes
47.717666,-122.1790726,Pure DPC,No
39.6252004,-104.8227987,Hybrid,No
40.7585082,-89.59185010000002,Unknown/Other,No
45.9970521,-121.5277918,Pure DPC,No
35.7555382,-83.95107569999999,Pure DPC,No
37.8393332,-84.2700179,Pure DPC,Yes
39.9889677,-75.5530378,Unknown/Other,No
39.8106534,-75.52029999999999,Unknown/Other,No
40.0432803,-75.37634179999999,Unknown/Other,No
40.0121619,-75.21584050000001,Unknown/Other,No
39.9279131,-74.9695085,Unknown/Other,No
41.54048359999999,-96.14074869999999,Pure DPC,No
39.7223076,-105.1635551,Pure DPC,No
36.9288881,-84.1070783,Pure DPC,No
33.9070366,-84.3493306,Pure DPC,No
28.5393306,-81.3720566,Pure DPC,No
43.3189863,-88.3723864,Pure DPC,No
39.5286126,-104.765813,Hybrid,No
47.6064789,-122.3111299,Pure DPC,No
35.91727059999999,-86.82576019999999,Pure DPC,No
32.9376417,-96.4603961,Pure DPC,No
27.7708695,-82.636331,Pure DPC,No
32.8921801,-96.76834579999999,Pure DPC,No
39.1533813,-77.0543776,Pure DPC,No
30.3034863,-97.7401028,Pure DPC,No
30.3032751,-97.74031,Pure DPC,No
39.7658859,-121.8717731,Pure DPC,No
47.40535610000001,-120.2852673,Pure DPC,No
39.7872221,-89.7081668,Pure DPC,No
36.3054336,-86.6034026,Hybrid,No
40.078852,-75.126944,Unknown/Other,No
41.9050096,-71.9576623,Pure DPC,No
34.901552,-82.1042739,Pure DPC,Yes
41.00527599999999,-81.466889,Pure DPC,Yes
33.5450336,-81.6704675,Pure DPC,Yes
42.5402703,-83.1756035,Pure DPC,Yes
34.9479479,-81.932595,Pure DPC,Yes
34.941145,-81.9097309,Pure DPC,Yes
38.9266707,-94.63785159999999,Pure DPC,No
39.9124565,-88.9539921,Pure DPC,No
32.963697,-97.2481767,Pure DPC,No
40.0791634,-80.6934144,Hybrid,No
39.4269656,-80.192658,Hybrid,No
39.51397910000001,-80.2496525,Hybrid,No
40.031458,-80.72832799999999,Hybrid,No
40.0724951,-80.8617352,Hybrid,No
38.9672115,-104.7378099,Pure DPC,No
39.1533813,-77.0543776,Pure DPC,No
38.9327326,-104.712949,Pure DPC,No
39.6251994,-104.8970022,Pure DPC,No
39.5674914,-104.8699529,Pure DPC,No
38.827406,-104.8233002,Pure DPC,No
45.604797,-122.49798,Hybrid,No
47.1906729,-122.2872941,Pure DPC,Yes
35.69144989999999,-88.8305958,Pure DPC,No
42.9875283,-88.0839183,Pure DPC,Yes
43.49542779999999,-88.5443908,Pure DPC,Yes
43.329951,-88.39607149999999,Pure DPC,Yes
43.329951,-88.39607149999999,Pure DPC,Yes
43.0279776,-87.9711504,Pure DPC,Yes
38.3100379,-85.578867,Pure DPC,Yes
38.2521957,-85.7314506,Pure DPC,Yes
38.2563673,-85.7585738,Pure DPC,Yes
47.31176,-122.294551,Pure DPC,Yes
34.9739982,-80.5141068,Pure DPC,Yes
34.951462,-81.9327873,Pure DPC,Yes
34.9627246,-81.99932559999999,Pure DPC,Yes
47.2518289,-122.4385583,Pure DPC,Yes
32.8025796,-79.88842009999999,Pure DPC,Yes
38.3289459,-104.7415434,Pure DPC,Yes
38.4483038,-105.1836032,Pure DPC,Yes
25.7755399,-80.2636983,Pure DPC,Yes
38.2313636,-104.660012,Pure DPC,Yes
39.7116275,-105.0865674,Pure DPC,Yes
39.99892,-105.038121,Pure DPC,Yes
39.8017553,-105.0963743,Pure DPC,Yes
40.0288136,-105.2627334,Pure DPC,Yes
38.2819218,-104.6109636,Pure DPC,Yes
39.7367235,-104.9840588,Pure DPC,Yes
39.5907577,-104.8005009,Pure DPC,Yes
32.9205384,-80.1196531,Pure DPC,Yes
41.4051392,-81.664174,Pure DPC,Yes
41.5884253,-81.5195262,Pure DPC,Yes
41.6600536,-81.3666567,Pure DPC,Yes
43.00085809999999,-88.1290966,Pure DPC,Yes
42.9760562,-88.2333996,Pure DPC,Yes
43.0501131,-88.22303289999999,Pure DPC,Yes
43.0661978,-88.48034469999999,Pure DPC,Yes
39.623459,-104.8937888,Pure DPC,Yes
39.7514097,-105.0021415,Pure DPC,Yes
43.4802611,-88.81115650000001,Pure DPC,Yes
43.0981314,-88.07373899999999,Pure DPC,Yes
43.1202082,-88.19223679999999,Pure DPC,Yes
43.1698047,-88.1061502,Pure DPC,Yes
38.2433815,-85.7362452,Pure DPC,Yes
38.2563898,-85.7500811,Pure DPC,No
38.338792,-85.464564,Pure DPC,No
28.73129579999999,-81.3331631,Pure DPC,No
45.4704341,-122.648223,Pure DPC,No
40.15119250000001,-105.1539066,Hybrid,No
39.9764572,-104.7891974,Hybrid,No
40.0886565,-104.9659921,Hybrid,No
39.9855389,-105.236777,Hybrid,No
40.1529281,-105.103284,Hybrid,No
40.1820706,-105.123383,Hybrid,No
39.9447958,-105.8104544,Hybrid,No
27.9377589,-82.46528099999999,Pure DPC,No
39.9124942,-105.0018244,Pure DPC,Yes
41.3202507,-105.5620725,Hybrid,No
42.348759,-83.487837,Hybrid,No
40.5736006,-105.0586183,Pure DPC,No
39.1017803,-77.19052669999999,Hybrid,No
42.221095,-83.628981,Hybrid,No
25.5181647,-80.4228332,Hybrid,No
25.6570687,-80.4243936,Hybrid,No
37.8190289,-81.18979949999999,Pure DPC,No
38.3231251,-81.5839446,Pure DPC,No
32.9531284,-96.6260193,Pure DPC,No
28.8794228,-81.28106799999999,Hybrid,No
43.8078081,-72.1535014,Hybrid,No
29.9865757,-81.4523176,Pure DPC,No
44.18112929999999,-69.13387589999999,Pure DPC,No
32.3053865,-110.9796068,Pure DPC,No
44.047071,-123.0970675,Pure DPC,No
33.041048,-96.79377249999999,Pure DPC,No
34.6094277,-98.39501639999999,Pure DPC,No
39.14453719999999,-82.9757458,Pure DPC,No
39.167936,-76.852876,Pure DPC,No
32.5424812,-90.31127280000001,Pure DPC,No
41.9529772,-87.67904089999999,Pure DPC,No
43.7354068,-70.2988048,Pure DPC,No
38.92496269999999,-92.3638755,Pure DPC,No
41.0328636,-111.9383925,Hybrid,No
42.1015798,-80.0798171,Pure DPC,No
38.0502162,-78.5414615,Pure DPC,No
40.691846,-73.9875588,Unknown/Other,No
40.7071228,-74.00777149999999,Unknown/Other,No
39.9708395,-74.9201021,Pure DPC,No
25.7560835,-80.2579629,Pure DPC,No
38.080409,-78.6253179,Pure DPC,No
43.048279,-72.667458,Pure DPC,No
39.0432373,-94.610793,Pure DPC,No
36.0254675,-115.0466595,Pure DPC,No
26.4865483,-81.8410255,Pure DPC,No
35.9150212,-86.8829105,Pure DPC,No
42.51200841858314,-70.90004410151599,Pure DPC,No
38.2387276,-85.49423499999999,Pure DPC,No
44.0335233,-69.5193054,Pure DPC,No
37.6950539,-97.1378306,Pure DPC,No
39.9314638,-86.0143014,Pure DPC,No
35.7943027,-78.8187542,Pure DPC,No
35.8973055,-78.60542509999999,Pure DPC,No
27.0527315,-82.1589726,Pure DPC,No
37.2977406,-89.5752199,Pure DPC,No
34.4841854,-85.8539217,Pure DPC,No
43.1728564,-79.0385143,Pure DPC,No
36.1002392,-86.8201905,Hybrid,No
44.0618616,-123.0750541,Pure DPC,No
38.1132928,-92.6898835,Pure DPC,No
27.7669321,-82.3952453,Hybrid,No
32.8628411,-96.8081,Pure DPC,No
30.4218403,-91.15184289999999,Pure DPC,No
47.6239847,-122.1865352,Pure DPC,No
40.0114908,-88.16188029999999,Pure DPC,No
41.8043144,-87.88772809999999,Pure DPC,No
39.1880471,-96.59758939999999,Pure DPC,No
38.8990704,-92.3364156,Pure DPC,No
34.0828154,-84.3552729,Pure DPC,No
37.2083016,-93.2972344,Pure DPC,No
40.4109991,-104.7783936,Pure DPC,No
35.4699852,-79.1711887,Pure DPC,No
30.3029639,-97.7399303,Pure DPC,No
32.7837383,-79.9428602,Pure DPC,No
32.8759336,-79.7797183,Pure DPC,No
34.2726947,-85.1813482,Pure DPC,No
35.1527351,-79.4191243,Pure DPC,No
46.007629,-92.9283241,Hybrid,No
39.851304,-105.0508683,Hybrid,No
46.4418397,-92.7762162,Hybrid,No
46.125344,-92.88154709999999,Hybrid,No
45.1319677,-93.4803896,Hybrid,No
45.11678,-93.401623,Hybrid,No
45.0240705,-93.4794194,Hybrid,No
45.0217375,-93.17826529999999,Hybrid,No
45.3012228,-93.7795369,Hybrid,No
45.1855237,-93.2357711,Hybrid,No
45.1072442,-93.2591782,Hybrid,No
44.7507391,-93.2673605,Hybrid,No
47.5311038,-121.8727072,Hybrid,No
45.195402,-93.8712832,Hybrid,No
45.0767497,-93.0505886,Hybrid,No
45.2254146,-93.6650492,Hybrid,No
44.7369294,-93.20834099999999,Hybrid,No
43.0538372,-89.49077590000002,Pure DPC,No
39.1798318,-77.2641324,Hybrid,No
40.7539697,-73.9925879,Hybrid,No
40.8440698,-73.83538180000001,Hybrid,No
40.77636030000001,-73.5255924,Hybrid,No
40.5247082,-111.8510192,Hybrid,No
45.0129622,-93.1066156,Hybrid,No
44.7921189,-93.59942389999999,Hybrid,No
40.629064,-74.0252843,Hybrid,No
45.1919404,-93.5507312,Hybrid,No
45.0147379,-93.32200639999999,Hybrid,No
45.056434,-93.3588675,Hybrid,No
44.99501009999999,-93.5039735,Hybrid,No
44.9194235,-93.16738939999999,Hybrid,No
41.5969632,-93.7899774,Pure DPC,No
41.2368145,-96.18079759999999,Pure DPC,No
39.459722,-87.4163935,Pure DPC,No
31.6426595,-94.63961909999999,Pure DPC,No
37.1462321,-93.32142189999999,Pure DPC,No
39.4535326,-75.7357408,Pure DPC,No
29.4856031,-98.4503416,Pure DPC,No
46.7196156,-116.9844801,Pure DPC,No
33.5007267,-86.80049540000002,Pure DPC,No
40.2578881,-80.1868614,Pure DPC,No
29.9928416,-90.1545458,Pure DPC,No
43.6776038,-114.3650938,Pure DPC,No
38.2515479,-78.11325029999999,Pure DPC,No
33.5826797,-85.0627568,Pure DPC,No
42.067969,-88.169679,Pure DPC,No
42.2069456,-121.7334525,Pure DPC,No
34.0658378,-84.3236352,Pure DPC,No
39.7464004,-104.9743897,Pure DPC,No
39.980466,-86.1267343,Pure DPC,No
43.0823304,-88.4773598,Pure DPC,No
43.0165235,-88.1253637,Pure DPC,No
35.2440123,-81.03747849999999,Pure DPC,No
32.8616435,-97.30327,Pure DPC,No
36.1345633,-80.6706633,Pure DPC,No
32.9292323,-96.8412556,Pure DPC,No
32.2893117,-110.9584407,Pure DPC,No
33.57828060000001,-111.8773088,Pure DPC,No
33.5862473,-111.9272837,Pure DPC,No
47.6096667,-122.3226272,Pure DPC,No
20.0237212,-155.6766513,Pure DPC,No
39.9672345,-77.5875021,Pure DPC,No
39.1024953,-77.19443489999999,Pure DPC,No
47.707686,-117.4062718,Pure DPC,No
33.8037635,-118.0673195,Pure DPC,No
42.5120522,-70.9092136,Hybrid,No
39.9833647,-82.8426058,Pure DPC,No
42.5374932,-83.78667010000001,Pure DPC,No
44.87161039999999,-93.3295265,Pure DPC,No
39.2667214,-94.9337568,Pure DPC,No
39.1239758,-84.48844559999999,Pure DPC,No
32.3376016,-110.9897126,Pure DPC,No
35.1561904,-80.8740133,Pure DPC,No
33.1134421,-96.8379133,Pure DPC,No
34.2115136,-78.0300178,Pure DPC,No
37.2288058,-80.0079447,Pure DPC,No
40.7334068,-73.9958123,Pure DPC,No
35.4584729,-80.6004226,Pure DPC,No
31.6968735,-83.2609239,Pure DPC,No
28.0889747,-82.73817009999999,Pure DPC,No
45.7845328,-108.5987688,Pure DPC,No
30.5224155,-97.775064,Pure DPC,No
29.7669429,-95.42132439999999,Pure DPC,No
33.5324946,-82.1338292,Pure DPC,No
32.3415321,-95.303124,Pure DPC,No
40.4851545,-106.8301673,Pure DPC,No
36.1720613,-82.7997407,Unknown/Other,No
42.6798857,-90.1181256,Pure DPC,No
43.3598664,-70.4814028,Pure DPC,No
35.7407132,-78.77897469999999,Pure DPC,No
33.4629469,-112.3368505,Hybrid,No
33.3881064,-111.6119476,Hybrid,No
39.0264984,-77.1251046,Pure DPC,No
39.9415376,-75.2724697,Pure DPC,No
30.2149499,-93.229337,Hybrid,No
40.0000362,-105.094265,Hybrid,No
38.9660711,-77.3703503,Hybrid,No
39.9134266,-104.9840657,Pure DPC,No
42.8486655,-106.2802682,Hybrid,No
40.47692989999999,-79.9218546,Pure DPC,No
41.5664229,-88.1183733,Hybrid,No
40.71847890000001,-73.9964735,Pure DPC,No
44.2872879,-105.5130158,Pure DPC,No
42.5794955,-87.88389409999999,Unknown/Other,No
43.5877999,-119.05925,Pure DPC,No
33.6791302,-78.9675717,Pure DPC,No
32.65943,-96.87727319999999,Pure DPC,No
32.3193379,-96.6468168,Pure DPC,No
32.9426364,-97.0988046,Pure DPC,No
26.7120603,-80.05168789999999,Pure DPC,No
37.0857612,-76.4771904,Pure DPC,No
31.6947888,-109.6840115,Pure DPC,No
35.6082759,-97.5825799,Pure DPC,No
36.0713449,-115.0844488,Pure DPC,No
27.7712558,-82.701927,Pure DPC,No
47.6618389,-122.292552,Pure DPC,No
28.0364517,-82.6578385,Pure DPC,No
33.9532247,-117.3995845,Hybrid,No
44.9428803,-92.91445139999999,Pure DPC,No
32.409613,-81.7703709,Pure DPC,No
32.2219204,-110.9099855,Pure DPC,No
38.3099674,-85.5789322,Unknown/Other,No
29.6311504,-95.6048958,Pure DPC,No
39.887706,-86.2662732,Hybrid,No
48.1071433,-123.4257582,Pure DPC,No
46.8602627,-68.0123448,Pure DPC,No
41.9653854,-70.67010189999999,Hybrid,No
40.5681872,-89.6085725,Pure DPC,No
40.0201432,-105.2699811,Pure DPC,No
42.2446306,-83.7411216,Unknown/Other,No
39.6042496,-105.1528507,Pure DPC,No
29.5822677,-95.5774934,Hybrid,No
42.318177,-122.961936,Hybrid,No
36.0062204,-115.0940913,Pure DPC,No
38.9111135,-94.65238079999999,Pure DPC,No
27.1006711,-82.409797,Pure DPC,No
36.1961749,-86.80445859999999,Pure DPC,No
31.5091314,-97.1928547,Pure DPC,No
31.5963486,-81.89878,Pure DPC,No
26.1582407,-81.7898409,Pure DPC,No
38.57014119999999,-92.23678559999999,Pure DPC,No
35.47501220000001,-84.5988254,Pure DPC,No
45.7276717,-121.4885307,Hybrid,No
39.0842753,-84.3484876,Pure DPC,No
35.8148651,-81.3076452,Pure DPC,No
28.494097,-81.48303419999999,Pure DPC,No
34.2354637,-86.1645992,Pure DPC,No
40.1503867,-82.6921851,Pure DPC,No
38.2258653,-85.72551659999999,Pure DPC,No
42.1675542,-83.2270366,Pure DPC,No
36.2130652,-115.2472003,Pure DPC,No
33.2050549,-84.2824808,Pure DPC,No
29.6234405,-95.5752042,Pure DPC,No
30.4401005,-90.1377449,Pure DPC,No
38.5669945,-90.4094303,Pure DPC,No
33.3932277,-111.9312658,Hybrid,No
33.63765770000001,-112.3267379,Pure DPC,No
27.3215069,-82.52748,Hybrid,No
35.129517,-106.603734,Pure DPC,No
43.81709,-70.14246229999999,Pure DPC,No
43.1939347,-112.3635172,Hybrid,No
36.3196173,-87.67381019999999,Pure DPC,No
47.6772702,-117.0918484,Pure DPC,No
40.0285001,-76.2291728,Hybrid,No
41.26256,-96.06948849999999,Pure DPC,No
38.0314723,-78.4787242,Pure DPC,No
40.2230852,-75.30249669999999,Hybrid,No
26.710619,-80.09809969999999,Pure DPC,No
41.4415064,-88.2720365,Pure DPC,No
35.041914,-85.2978246,Pure DPC,No
38.25547419999999,-104.6148546,Pure DPC,No
30.2900574,-98.8662154,Hybrid,No
37.3793063,-79.2514142,Hybrid,No
34.23971040000001,-77.8760732,Pure DPC,No
44.7715594,-91.45834730000001,Unknown/Other,No
44.8795271,-91.9140839,Unknown/Other,No
38.5516033,-121.4889711,Hybrid,No
40.0066684,-76.7322994,Pure DPC,No
42.27833709999999,-71.2374351,Pure DPC,No
30.4262226,-87.2027605,Pure DPC,No
40.8632925,-74.422462,Pure DPC,No
27.9495261,-82.7988088,Pure DPC,No
36.4211955,-81.4692294,Pure DPC,No
41.59566,-93.80765799999999,Hybrid,No
30.3666665,-97.9483898,Pure DPC,No
32.8438009,-96.99429339999999,Hybrid,Yes
38.9006273,-77.02361140000001,Pure DPC,No
40.7613149,-73.9726805,Pure DPC,No
40.7443359,-73.98913759999999,Pure DPC,No
34.0590031,-118.418866,Pure DPC,No
33.6163961,-117.8760361,Pure DPC,No
34.1440337,-118.2554551,Pure DPC,No
38.9581341,-111.8601924,Pure DPC,No
44.6161997,-123.1151994,Pure DPC,No
40.5572729,-74.343895,Pure DPC,No
33.972779,-84.5486322,Pure DPC,No
32.542819,-97.315516,Pure DPC,No
28.1949527,-82.355486,Pure DPC,No
39.8672418,-86.0971123,Pure DPC,No
32.4901562,-93.7463215,Pure DPC,No
39.60899999999999,-105.100811,Unknown/Other,No
39.0251708,-104.8234826,Pure DPC,No
33.4798856,-112.360928,Pure DPC,No
33.4661247,-111.9355746,Hybrid,No
37.1739265,-95.1083336,Pure DPC,No
38.5867183,-93.6948338,Hybrid,No
33.8686329,-112.1406695,Pure DPC,No
40.9099375,-97.0982161,Hybrid,No
30.3697284,-97.8000455,Pure DPC,No
30.263011,-97.7252699,Pure DPC,No
39.8844794,-84.2244592,Pure DPC,No
42.260553,-89.001522,Pure DPC,No
27.1093463,-82.3877735,Pure DPC,No
40.7908639,-74.254476,Unknown/Other,No
27.8489684,-80.4898091,Hybrid,Yes
47.7566879,-116.787294,Pure DPC,No
30.2670528,-97.69239990000001,Pure DPC,No
43.7020835,-116.6167766,Pure DPC,No
40.1576354,-89.3511455,Pure DPC,No
26.8307973,-80.0877395,Pure DPC,No
35.8864964,-106.0432909,Pure DPC,No
27.4451739,-80.32916589999999,Pure DPC,No
28.1892503,-82.3584544,Hybrid,No
35.7657031,-78.78141719999999,Pure DPC,No
40.642972,-75.3648103,Pure DPC,No
37.5255731,-77.66395349999999,Hybrid,No
33.6740939,-117.6641486,Pure DPC,No
33.3826519,-111.7283156,Pure DPC,No
38.71496399999999,-90.4278322,Pure DPC,No
40.5858757,-105.0727137,Pure DPC,No
30.3035448,-97.74001109999999,Pure DPC,No
32.9004737,-80.0097248,Pure DPC,No
40.2978898,-76.5759087,Hybrid,No
44.0561797,-121.2739372,Pure DPC,No
33.7764302,-84.2757355,Pure DPC,No
30.0580273,-81.5141488,Pure DPC,No
44.2592739,-88.35819599999999,Pure DPC,No
37.5665509,-122.3250044,Pure DPC,No
35.2183821,-80.8096198,Pure DPC,No
39.2721635,-94.6669639,Pure DPC,No
46.9942713,-120.5475784,Pure DPC,No
33.9061722,-117.8369125,Pure DPC,No
33.0457836,-96.9210002,Pure DPC,No
47.419238,-120.3158258,Pure DPC,No
33.3366209,-111.775627,Pure DPC,No
38.4668545,-107.8653752,Hybrid,No
33.6176431,-111.8926769,Pure DPC,No
29.51979429999999,-98.5079591,Pure DPC,No
32.6062392,-97.0992625,Pure DPC,No
40.3334534,-74.2419136,Pure DPC,No
39.0928611,-108.5908353,Pure DPC,No
27.3161506,-80.3852631,Pure DPC,No
42.8010886,-85.5077103,Pure DPC,No
39.3807167,-77.416018,Pure DPC,No
37.77614459999999,-100.016991,Pure DPC,No
34.4456775,-85.71782069999999,Pure DPC,No
34.4456775,-85.71782069999999,Pure DPC,No
34.4456775,-85.71782069999999,Pure DPC,No
34.4456775,-85.71782069999999,Pure DPC,No
40.5221288,-104.9763727,Hybrid,Yes
32.9063556,-96.4093581,Unknown/Other,No
43.1044922,-88.34448929999999,Pure DPC,No
36.3275962,-86.58115719999999,Pure DPC,No
32.2732554,-110.8734161,Hybrid,No
28.0821206,-82.4241196,Hybrid,No
39.2250663,-94.7602192,Pure DPC,No
27.4800347,-82.4318557,Hybrid,No
34.51599,-82.649693,Pure DPC,No
41.8379269,-72.55777259999999,Pure DPC,No
38.2647149,-122.0230989,Pure DPC,No
39.9327549,-75.1541618,Pure DPC,No
30.3192739,-97.70030539999999,Pure DPC,No
42.9126669,-71.9368863,Hybrid,No
47.7524714,-116.7919724,Pure DPC,No
35.27715300000001,-120.6612192,Hybrid,No
40.2311626,-76.90819139999999,Unknown/Other,No
34.1668853,-118.8319535,Pure DPC,No
29.6054172,-95.63615949999999,Pure DPC,No
36.1849537,-94.54112930000001,Pure DPC,No
34.2750701,-86.2057268,Pure DPC,No
34.1565992,-118.6408362,Pure DPC,No
26.2591114,-80.24500619999999,Pure DPC,No
33.7913089,-116.4054464,Pure DPC,No
31.12495629999999,-97.4498533,Pure DPC,Yes
44.0171408,-107.9531781,Hybrid,Yes
38.89856839999999,-77.2682648,Hybrid,No
34.6919822,-86.5702393,Pure DPC,No
40.091982,-83.0183878,Pure DPC,No
29.988263,-95.50113309999999,Hybrid,Yes
44.0927031,-123.0644087,Pure DPC,No
37.1097866,-113.5797588,Pure DPC,No
41.715774,-72.5892886,Hybrid,No
25.7739947,-80.1393702,Pure DPC,No
39.7480261,-75.2174096,Unknown/Other,No
41.3907252,-87.3699845,Pure DPC,No
43.6250708,-70.28904899999999,Pure DPC,No
42.8161727,-83.2566641,Hybrid,No
42.4691299,-92.36073359999999,Pure DPC,No
41.6022206,-74.29921689999999,Pure DPC,No
32.3141671,-106.7804382,Pure DPC,No
32.7095213,-97.40778329999999,Pure DPC,No
30.5999655,-87.1592549,Hybrid,No
36.3536181,-94.19686229999999,Pure DPC,No
37.1023326,-93.81820839999999,Pure DPC,No
29.5923355,-95.6166662,Hybrid,Yes
38.2223857,-85.6649594,Pure DPC,No
34.8081681,-92.4638916,Pure DPC,No
29.5753556,-95.2632609,Pure DPC,No
38.47785820000001,-107.8706744,Pure DPC,No
44.0419522,-70.7002466,Pure DPC,No
39.0350281,-77.4041287,Pure DPC,No
41.5585077,-93.66727530000001,Pure DPC,No
29.7779042,-95.7753536,Pure DPC,No
33.4011781,-111.925791,Pure DPC,Yes
37.4372284,-94.70225359999999,Pure DPC,No
38.4256079,-78.848287,Pure DPC,No
35.5452855,-77.053152,Pure DPC,No
33.408163,-111.7346658,Pure DPC,No
27.9227533,-82.4934024,Pure DPC,No
40.02616159999999,-82.9333207,Pure DPC,No
30.0210188,-82.35471319999999,Pure DPC,No
43.7254652,-70.2469626,Pure DPC,No
30.4305626,-91.10765219999999,Pure DPC,No
46.9208393,-97.54918579999999,Pure DPC,No
34.5128223,-84.93915960000001,Pure DPC,No
35.088112,-106.5853914,Pure DPC,No
39.29939510000001,-85.2115634,Pure DPC,No
32.4604157,-90.1154035,Hybrid,No
30.0427992,-93.8244663,Pure DPC,No
44.7556297,-85.6452934,Pure DPC,No
29.5062806,-98.4767782,Pure DPC,No
44.90968700000001,-123.0280562,Pure DPC,No
29.5154495,-98.5716789,Pure DPC,No
42.2462051,-85.59479089999999,Pure DPC,No
41.4742557,-87.4016281,Pure DPC,No
36.1581771,-81.1439542,Pure DPC,Yes
38.3291303,-85.4710344,Pure DPC,No
37.2497073,-76.7020237,Pure DPC,No
34.2099601,-77.8412876,Pure DPC,No
29.7288681,-98.1039364,Pure DPC,No
40.0816037,-83.1268673,Pure DPC,No
32.8885871,-97.09560959999999,Pure DPC,No
26.7121623,-80.14749259999999,Hybrid,No
32.5758879,-97.2221211,Unknown/Other,No
32.923762,-96.785173,Hybrid,No
29.5999173,-95.6174269,Pure DPC,No
48.40317229999999,-114.3386767,Pure DPC,No
32.6174909,-96.918272,Pure DPC,No
42.2750639,-78.67280710000001,Pure DPC,No
41.4336034,-87.4708582,Pure DPC,No
44.9115553,-123.0444247,Pure DPC,No
38.997455,-77.4468461,Pure DPC,No
34.9631934,-89.9861134,Pure DPC,No
35.1966581,-80.8389806,Pure DPC,No
42.3971778,-75.18228529999999,Pure DPC,No
39.5860245,-84.0786344,Pure DPC,No
38.9115487,-94.39042219999999,Pure DPC,No
30.3094484,-81.6129052,Pure DPC,No
30.28915039999999,-81.5775561,Pure DPC,No
36.4022494,-83.0156179,Pure DPC,No
44.1357126,-73.0756536,Pure DPC,No
39.98168620000001,-86.12734999999999,Pure DPC,No
41.2152726,-86.37545949999999,Pure DPC,No
47.9144619,-122.0891311,Hybrid,No
33.11544,-96.6768851,Hybrid,No
40.7093982,-74.0100436,Pure DPC,No
38.4237719,-82.4354541,Pure DPC,No
26.6077203,-82.0269416,Pure DPC,No
44.0621655,-121.3123759,Pure DPC,No
38.6359297,-90.3440978,Pure DPC,No
34.1051764,-118.1501227,Pure DPC,No
39.2695911,-94.4524453,Pure DPC,No
30.6744591,-96.3685448,Pure DPC,No
33.4953904,-112.511984,Pure DPC,No
34.1771312,-118.2983811,Hybrid,No
47.52227389999999,-120.4680639,Pure DPC,No
40.7126587,-73.9900231,Pure DPC,No
40.1296424,-83.025396,Pure DPC,No
41.6673177,-72.7895831,Pure DPC,No
39.6121921,-84.1573301,Pure DPC,No
43.0958323,-89.3376603,Pure DPC,No
40.8267656,-81.4006766,Pure DPC,Yes
47.7508838,-122.6473868,Unknown/Other,No
35.0263033,-80.8374709,Hybrid,No
35.40395609999999,-80.86761510000001,Hybrid,No
35.119634,-80.71425169999999,Hybrid,No
35.095545,-80.867226,Hybrid,No
35.1483788,-80.8406333,Hybrid,No
35.1013325,-80.9925463,Hybrid,No
35.054594,-80.7710613,Hybrid,No
37.8186595,-96.84864739999999,Pure DPC,No
36.0930486,-83.91942879999999,Pure DPC,No
30.18512359999999,-81.5480013,Pure DPC,No
34.7204108,-86.5864673,Hybrid,No
37.3065621,-89.5218562,Hybrid,No
33.6530501,-112.2578977,Hybrid,No
36.1737876,-86.58366269999999,Pure DPC,No
35.1467091,-101.9248812,Pure DPC,No
40.566788,-105.046232,Pure DPC,No
42.2650733,-83.87666449999999,Pure DPC,No
34.0752818,-81.1778504,Pure DPC,No
26.0676748,-81.7073583,Pure DPC,No
33.0457836,-96.9210002,Pure DPC,No
41.879312,-87.807807,Pure DPC,No
27.6841295,-97.3771761,Pure DPC,No
34.0623692,-80.95761820000001,Pure DPC,No
40.330761,-74.078727,Pure DPC,No
33.1727878,-96.8463027,Hybrid,No
33.5719034,-111.7163312,Pure DPC,No
43.035056,-88.1499147,Pure DPC,Yes
37.5200282,-77.4451819,Pure DPC,No
40.633754,-111.8118175,Pure DPC,No
33.6793344,-112.224896,Pure DPC,No
41.8714457,-87.79427609999999,Pure DPC,No
34.0893439,-84.5262513,Pure DPC,No
34.8001604,-82.2862908,Pure DPC,No
25.8212276,-80.3263975,Hybrid,No
26.0026191,-80.1426403,Hybrid,Yes
35.1035159,-89.873387,Pure DPC,Yes
43.6541564,-116.6976577,Pure DPC,No
30.1302933,-95.5530735,Pure DPC,Yes
39.2243713,-85.8785659,Pure DPC,No
38.0542215,-83.9435973,Pure DPC,No
40.426545,-79.673926,Unknown/Other,No
40.2783936,-78.8485251,Unknown/Other,No
27.227367,-81.8528425,Pure DPC,No
43.6863977,-116.3339076,Pure DPC,Yes
45.3797923,-122.7439215,Pure DPC,No
41.921409,-87.65798099999999,Pure DPC,No
32.9390365,-117.0527208,Pure DPC,No
41.8829666,-87.6247111,Pure DPC,No
27.1765815,-80.2378104,Pure DPC,No
35.031642,-85.30305790000001,Pure DPC,No
34.4456775,-85.71782069999999,Pure DPC,No
34.4456775,-85.71782069999999,Pure DPC,No
34.0423404,-84.1853407,Pure DPC,No
33.8364182,-84.3120564,Pure DPC,No
33.9163987,-84.359093,Pure DPC,No
35.2924751,-81.5404227,Pure DPC,No
35.5870139,-82.4934487,Pure DPC,No
43.6388026,-70.25301929999999,Pure DPC,No
41.136188,-104.8169168,Hybrid,No
40.7011613,-104.999996,Hybrid,No
39.0420356,-95.7277608,Pure DPC,Yes
40.8199062,-74.22146339999999,Pure DPC,No
35.1054362,-106.5502917,Pure DPC,No
48.1135001,-123.4322832,Pure DPC,No
39.0444833,-94.62026019999999,Pure DPC,Yes
40.2622665,-111.6649546,Hybrid,No
40.7162672,-74.03675969999999,Pure DPC,No
35.7422031,-78.77670230000001,Pure DPC,No
41.4598417,-81.48891019999999,Pure DPC,No
26.0244457,-80.2321151,Pure DPC,No
27.7721426,-82.6759668,Pure DPC,No
36.2070958,-86.5163525,Hybrid,Yes
42.1501009,-72.4733348,Pure DPC,No
38.6053273,-90.56440119999999,Pure DPC,No
39.167845,-78.1730506,Pure DPC,No
35.214794,-84.8812111,Pure DPC,No
28.7535058,-81.339328,Hybrid,No
33.9786616,-84.4410716,Pure DPC,No
35.3402234,-80.7679015,Pure DPC,No
30.377452,-91.14435449999999,Pure DPC,No
46.7184967,-117.1656078,Pure DPC,No
30.00639009999999,-95.14704329999999,Hybrid,No
42.1749142,-72.48458169999999,Hybrid,No
35.9012249,-78.67909619999999,Pure DPC,No
42.95315,-76.1267809,Pure DPC,No
28.083654,-82.50137099999999,Pure DPC,No
42.3341563,-83.0514848,Hybrid,No
29.9825126,-95.1687974,Pure DPC,No
39.61872169999999,-104.9022559,Hybrid,Yes
37.3682691,-122.0824676,Pure DPC,No
35.6374914,-97.5694797,Pure DPC,No
42.9720142,-78.6935045,Pure DPC,No
36.843021,-76.0655049,Pure DPC,No
33.5096602,-82.0413203,Hybrid,No
38.55810719999999,-91.01208779999999,Pure DPC,No
40.184047,-76.18412479999999,Pure DPC,No
34.9784465,-80.8565351,Pure DPC,No
43.2288652,-87.925207,Pure DPC,No
46.5747598,-120.5573392,Pure DPC,No
30.1233573,-95.5534579,Pure DPC,No
33.754183,-84.388538,Pure DPC,No
41.0453556,-73.8613867,Pure DPC,No
37.7843231,-122.4384298,Pure DPC,No
39.9721552,-86.1970903,Pure DPC,No
41.5502251,-90.49543,Pure DPC,No
30.1898064,-85.7799441,Pure DPC,No
32.2227623,-110.8434175,Pure DPC,No
38.20058239999999,-120.6919182,Pure DPC,No
28.8187839,-81.8766191,Pure DPC,Yes
32.4153293,-90.1131839,Pure DPC,No
42.9327711,-72.2908966,Pure DPC,No
41.1586518,-81.63566809999999,Pure DPC,No
33.9429085,-117.3924558,Hybrid,Yes
34.7108498,-86.74273749999999,Hybrid,No
48.40700649999999,-114.3371395,Pure DPC,No
28.4156743,-81.475738,Pure DPC,No
43.4794571,-88.81091669999999,Pure DPC,No
36.0013544,-95.88503209999999,Pure DPC,No
38.4980346,-89.79378659999999,Hybrid,No
43.051469,-86.218775,Pure DPC,No
37.0682192,-113.549553,Hybrid,No
28.5689901,-81.3649903,Pure DPC,No
33.6163185,-111.906557,Pure DPC,No
38.8838423,-77.16806179999999,Hybrid,No
46.2763987,-119.274024,Pure DPC,No
37.7255736,-97.2430785,Pure DPC,No
35.4822486,-82.5371696,Pure DPC,No
42.9791551,-89.51627239999999,Pure DPC,No
47.678119,-122.3277814,Hybrid,No
37.3728223,-79.2544975,Pure DPC,No
35.0457989,-78.9411106,Pure DPC,No
36.9470037,-84.1041813,Hybrid,No
37.9370236,-107.811509,Pure DPC,No
36.8894447,-89.5860149,Hybrid,No
37.09125909999999,-89.5428712,Hybrid,No
37.1810908,-89.6577765,Hybrid,No
36.9203567,-89.3302925,Hybrid,No
36.8025848,-89.9712064,Hybrid,No
36.8896243,-89.5832845,Hybrid,No
36.5830063,-89.61002189999999,Hybrid,No
36.4267182,-89.7000911,Hybrid,No
36.8913004,-89.581959,Hybrid,No
36.8854416,-89.579084,Hybrid,No
37.2944729,-89.5727892,Hybrid,No
37.3835594,-89.7003007,Hybrid,No
37.559685,-90.30290939999999,Hybrid,No
37.626435,-90.650384,Hybrid,No
37.3050562,-89.52659469999999,Hybrid,No
44.9718125,-93.4997144,Pure DPC,No
46.589911,-112.0392284,Pure DPC,No
36.1154677,-97.0823684,Pure DPC,No
41.7331294,-93.58051789999999,Pure DPC,Yes
30.6435975,-81.4549564,Pure DPC,No
35.310948,-97.49562639999999,Pure DPC,No
40.91552799999999,-81.4284869,Pure DPC,No
33.9552589,-83.9982946,Pure DPC,No
39.0241924,-77.4763074,Hybrid,No
26.6293104,-80.20546139999999,Hybrid,No
39.9584633,-83.0119246,Pure DPC,No
27.9839459,-82.332571,Pure DPC,No
40.7315613,-111.8914996,Pure DPC,No
30.2353492,-81.5159536,Pure DPC,No
43.0470874,-76.14338169999999,Pure DPC,No
17.9974901,-66.61452899999999,Pure DPC,No
30.3569599,-87.15799439999999,Pure DPC,No
31.9900634,-81.13289619999999,Pure DPC,No
38.9301112,-94.6619307,Hybrid,No
40.0675447,-76.303056,Hybrid,No
35.2311566,-97.48236089999999,Pure DPC,No
41.9681262,-87.7605488,Pure DPC,No
38.7138153,-77.7972796,Pure DPC,No
28.522524,-81.46923919999999,Pure DPC,No
35.9128202,-86.8260182,Pure DPC,No
32.2732554,-110.8734161,Hybrid,No
37.908288,-122.0614053,Pure DPC,No
26.5597709,-81.88321789999999,Pure DPC,No
30.5923917,-87.8529324,Pure DPC,No
41.0903833,-81.5312469,Pure DPC,Yes
43.43056199999999,-88.183672,Pure DPC,No
41.4290039,-82.0715688,Pure DPC,No
41.09367839999999,-81.5876172,Pure DPC,No
40.8470032,-74.15803509999999,Pure DPC,No
32.4689367,-84.9688384,Pure DPC,No
43.7486846,-87.8219517,Pure DPC,No
43.728215,-87.84547959999999,Pure DPC,Yes
40.2671117,-74.6764282,Pure DPC,No
38.9248533,-104.7946223,Pure DPC,No
40.716428,-74.0635642,Pure DPC,No
36.5765201,-121.8202294,Pure DPC,No
39.718714,-104.8935353,Pure DPC,No
40.38592939999999,-104.7358697,Pure DPC,No
41.4693896,-81.49646829999999,Pure DPC,No
38.641054,-90.5171956,Pure DPC,No
36.69034380000001,-121.6533536,Pure DPC,No
35.6191514,-82.3210801,Pure DPC,No
33.2238395,-97.1333507,Pure DPC,No
34.8614626,-82.3844058,Pure DPC,No
39.1168188,-77.5397876,Pure DPC,No
35.8448948,-79.0891303,Unknown/Other,No
43.0176905,-89.42892479999999,Pure DPC,No
38.5425505,-106.0065751,Pure DPC,No
42.4497576,-123.3197011,Pure DPC,No
29.6511326,-95.14426560000001,Pure DPC,No
45.0113844,-93.4341141,Pure DPC,No
44.21643390000001,-70.5194501,Pure DPC,No
35.55455740000001,-82.48194989999999,Pure DPC,No
42.7581698,-84.4851381,Pure DPC,No
30.4977668,-84.24487839999999,Pure DPC,No
39.0216801,-77.4769515,Pure DPC,No
43.314688,-73.65394289999999,Pure DPC,No
36.2775852,-95.83381779999999,Pure DPC,No
36.1153382,-115.1104919,Unknown/Other,Yes
33.4147195,-84.5600576,Pure DPC,No
35.5079269,-78.73899229999999,Hybrid,No
29.6417814,-95.56886569999999,Pure DPC,No
47.2419539,-122.4784453,Pure DPC,No
40.71503209999999,-74.31975,Hybrid,No
45.7838821,-122.5369601,Pure DPC,No
44.9717671,-93.0453452,Pure DPC,Yes
39.5909484,-104.9219515,Pure DPC,No
35.1450099,-80.9065151,Pure DPC,No
35.7069467,-81.2174367,Pure DPC,No
39.6062614,-86.1578866,Pure DPC,No
38.4333146,-89.910134,Hybrid,No
39.9351224,-86.0141939,Pure DPC,No
39.0267066,-94.2667345,Pure DPC,No
32.318061,-90.09195919999999,Pure DPC,No
27.9286255,-82.48546019999999,Pure DPC,No
35.4164973,-80.6032458,Pure DPC,No
41.851895,-87.9699739,Hybrid,No
26.0106383,-80.1991743,Pure DPC,No
41.2091979,-96.0979181,Pure DPC,No
32.5313068,-96.8073436,Pure DPC,No
46.18863899999999,-123.8574011,Pure DPC,No
44.5414683,-69.6452238,Pure DPC,No
36.9760806,-121.8849126,Hybrid,No
29.1872353,-82.1284105,Pure DPC,No
38.9753039,-77.0139351,Pure DPC,No
29.6643838,-82.331158,Pure DPC,No
33.654013,-112.1023073,Pure DPC,Yes
40.0505082,-105.0463807,Pure DPC,No
29.7403727,-95.5221211,Pure DPC,No
38.9088297,-77.473872,Hybrid,No
45.6576203,-91.55691270000001,Pure DPC,No
26.5921717,-81.88311449999999,Pure DPC,No
36.7283529,-95.9501277,Pure DPC,No
30.0871104,-95.6178688,Pure DPC,Yes
43.4829312,-111.994316,Hybrid,No
26.5544906,-80.1498221,Pure DPC,No
46.9353747,-122.5924781,Pure DPC,No
27.9308307,-82.28796849999999,Hybrid,No
34.7213506,-86.575223,Hybrid,Yes
34.8917348,-82.07395160000002,Pure DPC,No
33.8854656,-117.9253824,Pure DPC,No
37.2295614,-107.5919201,Pure DPC,No
36.325132,-78.407077,Pure DPC,No
39.8576322,-86.4109397,Pure DPC,No
29.7419724,-98.09618719999999,Pure DPC,No
34.6251197,-92.4960028,Pure DPC,No
35.3672446,-94.37162400000001,Pure DPC,No
35.027245,-80.9692141,Pure DPC,No
26.4865483,-81.8410255,Pure DPC,No
32.035508,-81.010932,Pure DPC,No
43.0407663,-71.4668852,Pure DPC,No
39.9905828,-83.94908029999999,Unknown/Other,No
37.6049679,-77.5938771,Pure DPC,No
48.2130462,-114.3297606,Pure DPC,No
39.9485787,-76.7124776,Pure DPC,No
46.900557,-114.0355476,Hybrid,No
33.3785122,-111.7496898,Pure DPC,No
28.4842262,-81.4575484,Pure DPC,No
34.073719,-84.17097919999999,Pure DPC,No
33.8789548,-83.4346518,Pure DPC,No
37.6862815,-97.1357038,Pure DPC,No
33.3222998,-111.9882096,Pure DPC,No
42.523357,-83.2242916,Pure DPC,No
37.9517617,-76.7486892,Pure DPC,No
37.51735920000001,-77.6134931,Pure DPC,No
39.442867,-89.6506277,Pure DPC,No
44.2700444,-84.2454712,Pure DPC,No
32.8594906,-83.64875239999999,Hybrid,No
40.6873479,-111.8519648,Pure DPC,No
38.8649165,-77.239299,Hybrid,No
35.0838549,-106.6354395,Hybrid,No
44.9433184,-72.1957472,Pure DPC,No
33.3529222,-86.864101,Pure DPC,No
42.8034861,-70.893283,Pure DPC,No
34.8432424,-82.4230924,Pure DPC,No
44.9589418,-93.1649257,Pure DPC,No
47.3234157,-122.5872422,Pure DPC,No
41.4618091,-81.45840749999999,Pure DPC,No
27.8456629,-82.7293614,Pure DPC,No
36.43729709999999,-99.4025434,Pure DPC,No
30.3691237,-97.7374308,Hybrid,No
35.4804439,-97.5222706,Pure DPC,No
33.0905442,-96.83597929999999,Pure DPC,No
30.5044473,-97.84797239999999,Pure DPC,No
42.1881001,-71.8315272,Pure DPC,No
36.0020944,-95.9227688,Pure DPC,No
36.39737849999999,-81.49144050000001,Pure DPC,No
26.3143875,-80.2022908,Pure DPC,No
26.9507795,-82.3273417,Pure DPC,No
41.6398771,-86.7481705,Pure DPC,No
37.983845,-78.3151053,Pure DPC,No
39.943691,-84.0237233,Hybrid,No
41.15913,-111.942789,Pure DPC,No
36.0319624,-78.90770289999999,Pure DPC,No
36.0748487,-115.2412959,Pure DPC,No
39.19313349999999,-96.06934659999999,Pure DPC,No
43.0821968,-70.76260049999999,Pure DPC,No
33.09211519999999,-117.0559167,Pure DPC,No
40.5257205,-105.026551,Pure DPC,No
38.7901725,-104.8232551,Pure DPC,No
29.6535078,-82.4931058,Pure DPC,No
29.7699537,-95.83858939999999,Pure DPC,No
41.676113,-91.5801784,Pure DPC,No
39.1041335,-88.5430299,Pure DPC,No
42.7641083,-86.11736669999999,Pure DPC,No
32.8146926,-85.1832171,Pure DPC,No
26.3628635,-80.1284648,Pure DPC,No
26.9338931,-82.0521536,Unknown/Other,No
29.162814,-82.1201004,Hybrid,No
41.2585771,-75.8835576,Pure DPC,No
41.6322262,-87.8183594,Pure DPC,No
30.4038675,-86.85714569999999,Pure DPC,No
35.0554245,-80.7668626,Pure DPC,No
39.8493663,-105.1555541,Pure DPC,No
39.8619324,-82.99452509999999,Pure DPC,No
41.4959993,-71.3711497,Pure DPC,No
45.1810631,-89.66621409999999,Hybrid,No
39.159588,-91.87687799999999,Pure DPC,No
35.1924972,-106.6805026,Pure DPC,No
38.23109729999999,-120.3687039,Pure DPC,No
30.21620889999999,-97.760303,Pure DPC,No
39.4800755,-106.0446847,Pure DPC,No
41.5458735,-90.619267,Pure DPC,No
33.0304867,-97.3119406,Pure DPC,No
35.7285944,-81.3442815,Pure DPC,No
26.4587134,-80.06711469999999,Pure DPC,No
34.8627405,-111.7952123,Pure DPC,No
41.8469047,-87.9053452,Pure DPC,No
36.843506,-94.3900817,Pure DPC,Yes
32.942203,-97.131968,Pure DPC,No
29.6739385,-95.4126809,Pure DPC,No
39.2285419,-85.90593319999999,Pure DPC,No
40.0772273,-102.2223924,Pure DPC,No
35.187618,-84.87417889999999,Pure DPC,No
42.819987,-73.9375895,Pure DPC,No
29.6988244,-98.1164269,Pure DPC,No
39.13770950000001,-84.4420662,Pure DPC,No
43.08582140000001,-77.54577549999999,Pure DPC,No
35.1843795,-111.6748962,Pure DPC,No
32.843488,-116.9779823,Pure DPC,No
43.0366821,-88.0480341,Pure DPC,No
29.7767076,-95.4132382,Pure DPC,No
36.0418119,-79.8515621,Hybrid,No
27.4956452,-82.5284786,Pure DPC,No
43.0596593,-88.06048129999999,Pure DPC,No
30.2782015,-97.744832,Unknown/Other,No
34.9641596,-89.97260659999999,Pure DPC,No
37.2510883,-79.9488831,Pure DPC,Yes
47.8555175,-92.7044015,Pure DPC,No
44.86625309999999,-93.3298283,Pure DPC,No
41.2398792,-85.81376259999999,Pure DPC,No
35.489472,-81.2513113,Pure DPC,No
42.8202007,-70.88410979999999,Pure DPC,No
41.740215,-71.4381434,Pure DPC,No
34.7836723,-84.9740333,Pure DPC,No
34.4441363,-93.19694989999999,Hybrid,No
39.0850778,-76.8495283,Pure DPC,No
39.9316294,-77.6467021,Pure DPC,No
38.7465036,-121.2644249,Unknown/Other,No
35.0536,-80.81275,Pure DPC,No
37.6942761,-97.2682167,Hybrid,No
39.2167811,-76.8791968,Pure DPC,No
39.1149928,-77.5635865,Pure DPC,No
33.3589746,-111.7879693,Pure DPC,No
38.4256169,-78.8482788,Pure DPC,No
34.2167851,-119.0401139,Pure DPC,No
39.6941801,-104.8958482,Pure DPC,No
48.6010273,-93.41703079999999,Pure DPC,No
33.9059282,-98.49961809999999,Pure DPC,No
28.6565191,-81.19916359999999,Pure DPC,No
38.7950871,-90.5954373,Pure DPC,No
26.2739,-81.74079640000001,Pure DPC,No
30.1744835,-95.604629,Hybrid,No
26.3588909,-81.78833929999999,Pure DPC,No
39.7348053,-92.4715306,Pure DPC,No
30.5062176,-84.2545487,Pure DPC,No
37.1234691,-113.5323469,Pure DPC,No
41.5862174,-85.85891939999999,Hybrid,No
47.0462297,-122.9518281,Pure DPC,No
30.1920569,-98.0913214,Unknown/Other,No
26.136531,-80.11786440000002,Pure DPC,No
26.2660367,-98.21997209999999,Hybrid,No
41.2488789,-96.19268629999999,Pure DPC,No
41.161786,-104.798994,Pure DPC,No
29.5072167,-82.2797046,Pure DPC,No
40.109187,-82.9375225,Pure DPC,No
32.2770122,-95.340149,Pure DPC,No
34.7623888,-84.96314129999999,Pure DPC,No
39.2080144,-84.38426120000001,Pure DPC,No
38.3059504,-77.80911929999999,Pure DPC,No
32.3371271,-90.0681075,Unknown/Other,Yes
39.9708247,-86.23703309999999,Pure DPC,No
47.6251451,-122.5208031,Pure DPC,No
45.4265911,-122.5975221,Pure DPC,No
40.3025851,-84.1692739,Pure DPC,No
33.378325,-84.7404365,Pure DPC,No
43.208025,-71.5342336,Pure DPC,No
33.2003629,-96.69956060000001,Pure DPC,No
39.2080144,-84.38426120000001,Pure DPC,No
43.494163,-88.5437479,Pure DPC,No
39.800433,-105.1372389,Pure DPC,No
40.7135373,-99.0851454,Pure DPC,No
36.0996748,-79.2705515,Pure DPC,Yes
33.366396,-111.9283399,Unknown/Other,No
43.62082789999999,-70.34477,Pure DPC,No
28.0645088,-82.50680779999999,Pure DPC,No
37.2479794,-107.8708301,Pure DPC,No
29.71276439999999,-95.4611917,Pure DPC,No
39.8530745,-77.23299360000001,Pure DPC,No
45.7847087,-108.6118433,Hybrid,Yes
29.8277332,-95.4292431,Pure DPC,No
41.944088,-84.652273,Pure DPC,No
48.0667879,-114.0886094,Pure DPC,No
35.9052508,-84.1101631,Pure DPC,No
30.3499422,-97.54587989999999,Hybrid,No
35.4969317,-82.9804666,Pure DPC,No
27.975369,-81.95829739999999,Pure DPC,No
40.7805143,-89.6200801,Pure DPC,No
32.989365,-96.9974147,Hybrid,No
42.7362163,-71.484571,Hybrid,No
29.655238,-98.62525869999999,Pure DPC,No
30.4977668,-84.24487839999999,Pure DPC,No
39.6650027,-86.10284449999999,Pure DPC,No
28.5404811,-82.500619,Hybrid,No
30.197706,-98.01551119999999,Pure DPC,No
37.9770789,-120.3390014,Hybrid,No
29.7038771,-98.1384217,Pure DPC,No
39.2871276,-81.5300503,Pure DPC,No
41.3904313,-72.8606274,Hybrid,No
30.5303177,-97.80548089999999,Pure DPC,No
31.0513565,-97.38611189999999,Pure DPC,No
40.6400878,-76.0940972,Pure DPC,No
38.0319746,-78.4753987,Pure DPC,No
29.7070865,-95.47409479999999,Pure DPC,No
30.1002756,-97.7595425,Pure DPC,No
44.8540788,-93.0434181,Pure DPC,No
36.067024,-115.2520374,Pure DPC,No
43.0609625,-88.0011746,Pure DPC,No
37.7271576,-89.88365569999999,Hybrid,No
40.717775,-74.0480394,Pure DPC,No
34.5373806,-97.9580696,Pure DPC,No
35.2949724,-81.919153,Pure DPC,No
43.6704414,-92.9782199,Pure DPC,No
42.1233935,-71.1777836,Hybrid,No
34.7537949,-92.4038712,Hybrid,No
41.2872934,-73.4937223,Hybrid,No
26.1514496,-97.9790194,Pure DPC,Yes
47.2675132,-122.5176013,Unknown/Other,No
44.923117,-92.9500918,Pure DPC,No
30.3376055,-81.6716491,Pure DPC,No
29.1311986,-81.00292449999999,Hybrid,No
36.4326776,-77.65315439999999,Pure DPC,No
42.3330147,-72.24271310000002,Pure DPC,No
39.284658,-82.4184446,Pure DPC,No
32.0240705,-81.0924098,Pure DPC,No
41.5281201,-87.6564561,Pure DPC,No
27.5380309,-81.50650189999999,Pure DPC,Yes
35.9507849,-83.9857226,Pure DPC,No
33.5482267,-84.27362029999999,Hybrid,No
44.4499566,-88.08604969999999,Pure DPC,No
29.9422642,-82.1122712,Pure DPC,No
31.3513154,-89.1986994,Pure DPC,No
30.1736351,-82.6403891,Pure DPC,No
36.069567,-80.2742951,Pure DPC,No
38.9414301,-104.7628023,Pure DPC,No
33.5780964,-111.880194,Pure DPC,No
39.5368627,-107.3265845,Pure DPC,No
38.2408864,-85.51814360000002,Pure DPC,No
33.1646142,-101.797916,Pure DPC,No
40.395884,-82.4515378,Pure DPC,No
42.0073123,-93.61781099999999,Pure DPC,No
36.7133923,-81.9708043,Pure DPC,No
39.6456513,-104.8910035,Hybrid,No
26.3595952,-80.1040197,Pure DPC,No
29.770913,-98.7570846,Pure DPC,No
35.8580631,-86.3810424,Pure DPC,No
40.3440326,-80.0524714,Pure DPC,No
36.1141897,-95.9395098,Pure DPC,No
30.183402,-95.4870184,Pure DPC,No
35.3955702,-97.7251369,Pure DPC,No
42.2824103,-87.951988,Pure DPC,No
44.9245861,-123.0431768,Hybrid,No
39.4077703,-104.8547137,Pure DPC,No
30.3105436,-97.7420619,Pure DPC,No
25.9199237,-97.4913717,Pure DPC,No
26.2262121,-98.22658419999999,Pure DPC,No
26.1562265,-97.9579455,Pure DPC,No
26.5441372,-97.7738376,Pure DPC,No
36.2017286,-86.3277332,Pure DPC,No
36.3051995,-86.60783479999999,Pure DPC,No
36.0860328,-79.7952581,Pure DPC,No
44.0514724,-123.0925093,Pure DPC,No
41.9357998,-88.0594993,Pure DPC,Yes
34.3454646,-82.93952620000002,Pure DPC,No
35.9790207,-83.91112439999999,Pure DPC,No
43.4995594,-96.7457306,Hybrid,No
33.174791,-96.71816849999999,Pure DPC,No
38.4065665,-96.17973429999999,Pure DPC,No
39.6742904,-85.7035478,Pure DPC,No
40.6924059,-73.9860842,Pure DPC,No
40.0358126,-75.6266734,Pure DPC,No
43.5900508,-116.2231808,Pure DPC,No
28.1793926,-82.5579537,Unknown/Other,No
43.0318136,-108.4209747,Pure DPC,No
47.528204,-121.868172,Pure DPC,No
35.7420131,-78.7627849,Pure DPC,No
42.671896,-82.9957424,Pure DPC,No
38.6768667,-121.2638568,Pure DPC,No
42.5609395,-83.171005,Pure DPC,No
42.6208356,-83.2438258,Pure DPC,No
30.1784288,-82.66872359999999,Pure DPC,No
36.848549,-76.1885624,Pure DPC,No
39.3297187,-82.98087939999999,Pure DPC,No
40.1538495,-82.68447859999999,Pure DPC,No
33.2607181,-111.7550732,Pure DPC,No
47.0388691,-122.8958427,Hybrid,No
42.0478195,-86.4549019,Pure DPC,No
42.7944164,-85.50711489999999,Pure DPC,No
38.9114656,-94.6522892,Pure DPC,Yes
34.171012,-118.5422334,Pure DPC,No
32.7548982,-117.1451911,Hybrid,No
28.4715055,-81.3685957,Pure DPC,No
30.4666574,-97.64603799999999,Pure DPC,No
43.09002479999999,-76.2393575,Pure DPC,No
39.75106960000001,-104.9891779,Pure DPC,No
29.0149811,-97.36591849999999,Pure DPC,No
46.5451187,-87.40685979999999,Pure DPC,No
44.0766087,-103.1829924,Pure DPC,No
39.8711406,-75.5452921,Pure DPC,No
38.0836299,-78.9336417,Hybrid,No
32.9575052,-96.76848729999999,Pure DPC,No
34.7756246,-96.6348682,Pure DPC,No
43.035893,-85.588256,Pure DPC,No
40.1028264,-84.63301150000001,Pure DPC,No
29.4668012,-98.4879935,Pure DPC,No
29.4668012,-98.4879935,Pure DPC,No
41.250469,-81.4786331,Pure DPC,No
38.8340525,-94.6682161,Pure DPC,No
44.0927031,-123.0644087,Pure DPC,No
32.92617,-97.156742,Pure DPC,Yes
45.750193,-108.5863403,Pure DPC,No
29.4115652,-98.4883839,Pure DPC,No
35.154039,-80.7848897,Unknown/Other,No
30.0852157,-81.5362869,Pure DPC,No
47.6084921,-122.336407,Pure DPC,No
34.0977768,-118.28706,Pure DPC,No
40.2439025,-111.6682617,Pure DPC,No
40.162837,-76.2020553,Pure DPC,No
38.7944154,-90.73572100000001,Pure DPC,No
42.270132,-85.6623511,Hybrid,No
40.415494,-74.174307,Pure DPC,No
36.0172764,-115.1171449,Pure DPC,No
39.9846562,-86.14477049999999,Pure DPC,No
32.2580326,-110.9095159,Pure DPC,No
39.9780277,-76.2741831,Pure DPC,No
33.62023,-111.8814051,Pure DPC,No
41.0646243,-86.2075054,Pure DPC,No
32.958297,-97.152203,Pure DPC,No
38.6165799,-76.9154874,Pure DPC,No
41.9416919,-87.6703222,Pure DPC,No
25.8276263,-80.18737569999999,Pure DPC,No
40.315252,-74.06113119999999,Hybrid,No
27.7817537,-82.6545684,Pure DPC,No
33.4147145,-86.6751517,Pure DPC,No
39.1566126,-75.5241898,Pure DPC,No
29.7422684,-98.0961233,Pure DPC,No
40.0962709,-75.3645694,Pure DPC,No
39.1734622,-84.27779210000001,Pure DPC,No
37.2482697,-76.5025575,Pure DPC,Yes
38.9124287,-94.6638253,Pure DPC,No
33.4544277,-94.087395,Hybrid,Yes
39.68430439999999,-75.73991629999999,Pure DPC,No
34.76044530000001,-92.34040279999999,Hybrid,No
34.1880052,-92.0378432,Pure DPC,No
27.3943646,-82.4357052,Pure DPC,No
40.59612,-111.9382398,Pure DPC,No
35.947324,-84.022551,Pure DPC,No
34.5811361,-86.9810116,Pure DPC,No
35.6522293,-97.4375228,Pure DPC,No
37.6635287,-97.57186949999999,Pure DPC,No
30.2063035,-81.6051592,Pure DPC,No
28.8125638,-81.282322,Pure DPC,No
35.2003552,-83.8261977,Pure DPC,No
37.9726222,-78.2264982,Pure DPC,No
39.838277,-95.731895,Pure DPC,No
34.87778,-82.3180115,Pure DPC,No
46.531434,-122.4850144,Pure DPC,No
34.3087842,-89.93529199999999,Hybrid,No
39.6079808,-84.2264799,Pure DPC,No
30.23711549999999,-84.3628818,Pure DPC,No
40.2287733,-74.92110550000001,Pure DPC,No
33.625006,-117.9048984,Hybrid,No
34.0673362,-84.3157026,Pure DPC,No
35.1357451,-106.589975,Pure DPC,No
33.7106945,-116.2832095,Pure DPC,No
38.8135514,-89.9585593,Pure DPC,No
34.0673362,-84.3157026,Pure DPC,No
40.0604895,-75.1903743,Hybrid,No
41.2939089,-92.6436781,Pure DPC,No
42.68655,-89.0332777,Pure DPC,No
35.8654327,-84.0627746,Pure DPC,No
28.566366,-81.3274909,Pure DPC,Yes
40.0123672,-89.847612,Pure DPC,No
39.0734956,-84.3147098,Pure DPC,No
33.5369003,-82.0774277,Pure DPC,No
37.603455,-77.5706665,Hybrid,Yes
41.1417763,-73.3505144,Unknown/Other,No
36.0758666,-80.311961,Pure DPC,No
43.0200415,-83.6929917,Pure DPC,No
39.8671814,-86.14570289999999,Pure DPC,No
47.914496,-122.0891231,Pure DPC,No
42.7654741,-86.1171899,Pure DPC,No
32.6501569,-97.1339917,Pure DPC,No
27.6530964,-80.3612322,Pure DPC,No
34.1866718,-97.14952860000001,Pure DPC,No
28.0242844,-82.70707469999999,Pure DPC,No
38.9311292,-78.2003026,Pure DPC,No
29.1904789,-82.0865402,Pure DPC,No
45.0275002,-93.03445529999999,Hybrid,No
44.805678,-93.1951764,Hybrid,No
30.1469726,-96.3960695,Pure DPC,No
34.0562133,-84.5944687,Pure DPC,No
48.7938344,-116.303877,Pure DPC,No
40.1111497,-77.0355095,Pure DPC,No
30.1667358,-81.72857239999999,Pure DPC,No
41.720788,-94.930691,Pure DPC,No
36.0354947,-115.1179043,Pure DPC,No
44.9855869,-93.41534709999999,Pure DPC,No
34.58519,-82.62001579999999,Pure DPC,No
43.1479316,-70.67618929999999,Hybrid,No
26.1669306,-80.1056483,Pure DPC,No
44.900483,-89.557744,Pure DPC,No
42.81244540000001,-86.0776089,Pure DPC,No
42.8140012,-73.9814578,Pure DPC,No
28.4422826,-82.5434901,Pure DPC,No
41.1905933,-73.13014299999999,Hybrid,No
26.090334,-80.369056,Hybrid,No
37.1807245,-93.2632012,Pure DPC,No
43.00649689999999,-71.4605244,Pure DPC,No
36.2842262,-98.4803666,Pure DPC,No
42.7882584,-70.8797438,Pure DPC,No
40.1060896,-83.0163348,Pure DPC,No
38.880971,-77.40051009999999,Pure DPC,No
32.3319182,-102.5527641,Pure DPC,No
27.3215069,-82.52748,Unknown/Other,No
45.87992089999999,-95.37725789999999,Pure DPC,No
41.4010902,-99.6396595,Pure DPC,No
38.87737310000001,-94.7784877,Pure DPC,No
36.0614109,-95.9122731,Pure DPC,No
34.4338228,-118.5155901,Pure DPC,No
33.5026787,-117.1507737,Hybrid,Yes
35.8162441,-78.7071252,Pure DPC,No
26.2487901,-80.2022624,Hybrid,No
28.0146417,-82.7122332,Pure DPC,No
45.3644264,-84.9717612,Pure DPC,No
30.258663,-81.5830221,Pure DPC,No
43.0596415,-89.4864817,Unknown/Other,No
43.1563586,-89.28346379999999,Unknown/Other,No
32.9971216,-80.1812577,Pure DPC,No
26.1384696,-80.23991389999999,Hybrid,No
40.73797039999999,-96.6458023,Pure DPC,No
35.1791219,-84.8747626,Pure DPC,No
34.2832027,-83.1176316,Pure DPC,No
36.6800961,-93.22183740000001,Hybrid,No
42.7664023,-84.5075821,Pure DPC,No
41.006021,-76.43292500000001,Pure DPC,No
29.6509609,-95.16419189999999,Pure DPC,No
41.8979616,-79.84470809999999,Pure DPC,No
32.80861,-98.1199188,Pure DPC,No
35.0167373,-80.8512887,Pure DPC,No
19.6174309,-155.9709208,Pure DPC,No
40.7005978,-74.27987329999999,Pure DPC,No
40.9612078,-74.0670214,Pure DPC,No
40.7961389,-74.3759656,Pure DPC,No
40.90104669999999,-74.2161442,Pure DPC,No
40.3146123,-74.43867449999999,Pure DPC,No
40.2333011,-74.311453,Pure DPC,No
40.4188994,-74.1773457,Pure DPC,No
40.7271095,-74.03340899999999,Pure DPC,No
40.8098044,-74.1918312,Pure DPC,No
40.28373149999999,-74.7160859,Pure DPC,No
40.7803348,-73.95674799999999,Pure DPC,No
40.706036,-74.0117903,Unknown/Other,No
40.8312421,-73.03430159999999,Pure DPC,No
40.731994,-73.18808489999999,Pure DPC,No
30.1613221,-85.6630333,Pure DPC,Yes
41.120755,-83.1781432,Pure DPC,No
33.6620133,-85.82537359999999,Pure DPC,No
38.446662,-107.8643073,Pure DPC,Yes
37.2635771,-79.9448713,Pure DPC,No
40.2304301,-111.6681686,Pure DPC,No
27.7712559,-82.7018798,Pure DPC,No
37.2389148,-79.99903789999999,Pure DPC,Yes
29.9974731,-95.6951295,Hybrid,No
29.9865757,-81.4523176,Pure DPC,No
37.55652680000001,-97.271036,Pure DPC,No
32.8641902,-96.44043789999999,Pure DPC,No
29.7065718,-95.46054389999999,Pure DPC,No
29.7508775,-95.5036698,Pure DPC,No
39.3523927,-84.3452786,Pure DPC,No
37.8709737,-122.2723672,Pure DPC,No
47.7476608,-116.7844099,Pure DPC,No
30.3686314,-91.1011888,Pure DPC,No
37.6821197,-97.13493659999999,Pure DPC,No
36.0186736,-95.7968784,Pure DPC,No
28.090791,-80.5702562,Pure DPC,No
47.3191376,-122.5931628,Pure DPC,No
47.0471252,-122.8417982,Pure DPC,No
33.0129159,-96.5404173,Unknown/Other,No
42.6146615,-82.96322169999999,Pure DPC,No
42.0868597,-72.0605748,Pure DPC,No
40.1160363,-75.6950131,Pure DPC,No
29.7403636,-95.52213189999999,Pure DPC,No
43.4968071,-96.706955,Pure DPC,No
42.9679489,-73.7927495,Pure DPC,No
38.3407052,-75.1227493,Pure DPC,Yes
34.869578,-82.25187939999999,Pure DPC,No
37.77485009999999,-90.6168059,Hybrid,No
33.3369282,-111.775973,Pure DPC,No
47.2029064,-122.2267814,Pure DPC,No
44.4520449,-73.20839260000001,Pure DPC,No
32.0044096,-81.1090289,Pure DPC,No
40.9286171,-98.37915260000001,Unknown/Other,No
39.8106531,-75.5203167,Pure DPC,Yes
33.9589269,-83.37547479999999,Pure DPC,No
40.24795700000001,-75.1334899,Pure DPC,No
35.8818434,-106.3063581,Hybrid,No
44.0577636,-121.3095847,Pure DPC,No
39.0994223,-104.8337879,Pure DPC,No
45.5108198,-122.7317429,Hybrid,No
35.6264248,-97.56632379999999,Pure DPC,No
37.7468125,-97.42549869999999,Pure DPC,No
47.7736078,-122.3440491,Pure DPC,No
38.6749906,-90.4531758,Pure DPC,No
33.9978336,-80.9957589,Pure DPC,No
40.6873479,-111.8519648,Pure DPC,No
47.74552449999999,-116.7844223,Pure DPC,No
40.7622256,-73.7590476,Hybrid,No
40.0282725,-75.36465079999999,Pure DPC,No
38.8961305,-77.2711762,Pure DPC,No
47.4239674,-120.30604,Unknown/Other,No
34.0380095,-117.154088,Pure DPC,No
37.8438192,-122.2398636,Hybrid,No
44.94635599999999,-90.315969,Pure DPC,No
25.7616798,-80.1917902,Unknown/Other,No
39.5368738,-104.8883955,Pure DPC,No
43.2218671,-87.92751539999999,Pure DPC,No
29.6637231,-82.4165866,Pure DPC,No
45.6306989,-122.6717148,Pure DPC,No
40.0000758,-105.087179,Pure DPC,No
42.3634624,-71.0506257,Pure DPC,No
44.0601332,-123.0860446,Pure DPC,No
29.7128077,-95.4611856,Pure DPC,No
39.9692852,-105.0422763,Pure DPC,No
33.3609531,-84.7680917,Pure DPC,No
35.6995349,-84.02631389999999,Pure DPC,No
33.0108485,-96.8854693,Pure DPC,No
31.15290499999999,-88.5531895,Pure DPC,No
41.1604286,-73.99475629999999,Pure DPC,No
44.9589418,-93.1649257,Pure DPC,No
39.3630288,-84.5026161,Hybrid,No
35.2914965,-89.6729378,Pure DPC,No
30.656364,-96.3423514,Pure DPC,No
42.2662121,-71.8136155,Pure DPC,No
30.2201369,-81.5570932,Pure DPC,No
27.7560811,-97.38487579999999,Pure DPC,No
30.5881548,-97.41099320000001,Pure DPC,Yes
32.8158031,-79.8551533,Pure DPC,No
47.6279456,-117.3810567,Unknown/Other,No
35.8050646,-94.6360962,Pure DPC,No
36.0168876,-95.948002,Pure DPC,No
36.026063,-95.9945363,Pure DPC,No
29.3448271,-98.48708189999999,Hybrid,No
35.4016401,-80.8617369,Pure DPC,No
26.5382202,-80.091489,Hybrid,No
33.7428093,-84.9190845,Pure DPC,No
44.7969791,-106.9587983,Pure DPC,No
33.2477245,-111.6231827,Pure DPC,No
33.0374969,-85.0332542,Hybrid,No
44.789815,-89.6728049,Pure DPC,Yes
44.914506,-89.588224,Pure DPC,Yes
44.9183901,-90.3146146,Pure DPC,Yes
33.2221472,-97.1609757,Hybrid,No
28.1463837,-82.3509744,Pure DPC,No
28.78541,-81.6344079,Hybrid,Yes
40.7564496,-86.77282249999999,Pure DPC,No
47.8313093,-122.2797431,Pure DPC,No
38.9561827,-92.2904753,Pure DPC,No
34.9374037,-80.7491838,Pure DPC,No
38.4634764,-121.414524,Pure DPC,No
41.9053306,-71.095642,Pure DPC,No
30.6410778,-97.8403225,Pure DPC,No
33.9296023,-84.36052149999999,Pure DPC,No
34.167246,-118.6184322,Hybrid,Yes
35.7449378,-81.6876699,Pure DPC,No
33.2211642,-96.67881299999999,Pure DPC,No
44.9080233,-89.59321,Hybrid,No
38.0502164,-78.54146089999999,Pure DPC,No
42.1868946,-87.7975144,Pure DPC,No
26.2539396,-98.2377116,Pure DPC,No
41.5862394,-93.62439239999999,Hybrid,No
36.069942,-115.296493,Pure DPC,Yes
43.2208393,-87.9811916,Unknown/Other,No
46.5813123,-111.9899779,Pure DPC,No
28.0321695,-82.4940783,Pure DPC,No
38.0378421,-84.4846003,Pure DPC,No
38.8593595,-77.12642699999999,Pure DPC,No
30.4227713,-95.4875925,Pure DPC,No
26.4527368,-80.06719369999999,Pure DPC,No
33.1073826,-96.8392037,Hybrid,Yes
42.2681083,-71.7962462,Pure DPC,No
41.6396975,-72.67817149999999,Pure DPC,No
35.9115792,-79.0816565,Pure DPC,No
44.7457831,-93.3742752,Pure DPC,No
35.6047666,-77.4047913,Hybrid,No
30.3394745,-97.7558798,Pure DPC,No
39.6882333,-104.9801663,Pure DPC,No
35.2299032,-97.4417625,Pure DPC,No
39.19268810000001,-96.53310780000001,Pure DPC,No
30.55039159999999,-87.2826607,Pure DPC,No
41.6195891,-87.7376108,Pure DPC,No
33.6010847,-117.6993069,Pure DPC,No
42.7236018,-84.6470059,Pure DPC,No
26.2730713,-81.7688032,Pure DPC,No
36.1005774,-86.8199612,Pure DPC,No
34.1692139,-79.8431494,Unknown/Other,No
40.761442,-96.608121,Pure DPC,No
39.79678759999999,-86.1575735,Pure DPC,No
27.3375956,-82.4733224,Pure DPC,No
42.82373210000001,-83.2636449,Pure DPC,No
34.0296257,-84.35513159999999,Pure DPC,No
44.6703285,-73.3211869,Pure DPC,No
45.7339397,-94.9514593,Pure DPC,No
43.8943583,-69.96902759999999,Pure DPC,No
40.4741401,-88.9575773,Pure DPC,No
37.36979729999999,-122.0823749,Pure DPC,No
35.5742145,-80.8929599,Pure DPC,No
35.77752590000001,-86.91179,Pure DPC,No
39.9153467,-105.0052456,Pure DPC,No
30.1977868,-98.0155407,Pure DPC,No
28.5506168,-81.7585532,Unknown/Other,No
35.471607,-93.4633274,Pure DPC,Yes
36.13525430000001,-95.9667566,Pure DPC,No
44.9542091,-93.34132079999999,Pure DPC,No
29.2560112,-82.15148959999999,Pure DPC,No
38.980967,-90.9776047,Pure DPC,No
45.75276299999999,-108.5774472,Pure DPC,No
41.8134923,-72.8554669,Pure DPC,No
38.9864035,-76.5506987,Pure DPC,No
33.6878481,-111.9807074,Pure DPC,No
35.650291,-78.8334047,Pure DPC,No
38.5927888,-90.2921067,Pure DPC,No
27.2696535,-82.5030136,Pure DPC,No
35.7466222,-78.736188,Pure DPC,No
48.533859,-123.0149399,Pure DPC,No
39.97223169999999,-86.1970055,Pure DPC,No
36.2813755,-95.84450629999999,Pure DPC,No
29.6612977,-82.403613,Pure DPC,No
39.629526,-79.95589679999999,Pure DPC,No
33.8971475,-117.8914614,Pure DPC,No
27.9168636,-82.5063242,Pure DPC,No
26.8300435,-80.0965366,Hybrid,No
36.1005774,-86.8199612,Pure DPC,No
26.2593392,-98.1725472,Pure DPC,No
31.9609161,-95.27591439999999,Pure DPC,No
43.6377842,-70.308092,Pure DPC,No
44.4582983,-93.161604,Pure DPC,No
48.3664605,-120.1210826,Hybrid,No
40.905803,-97.096361,Unknown/Other,No
43.5804195,-116.3540703,Hybrid,No
35.5136134,-97.7087885,Pure DPC,No
47.6684086,-117.416204,Pure DPC,No
42.0478635,-87.7142131,Pure DPC,No
26.0661575,-80.3162303,Pure DPC,No
36.3253997,-86.61925819999999,Pure DPC,No
33.6212865,-111.8718054,Pure DPC,No
26.21102,-80.114779,Pure DPC,No
29.5067621,-98.4704055,Pure DPC,No
40.5755826,-79.9541674,Pure DPC,No
42.529908,-83.339713,Pure DPC,No
32.0304465,-81.0941342,Pure DPC,No
28.1992167,-82.4004065,Pure DPC,No
41.4919389,-72.8193751,Hybrid,No
33.2592688,-86.8121451,Pure DPC,No
36.2912726,-94.1862084,Pure DPC,No
38.788779,-76.08168909999999,Pure DPC,No
40.4588543,-79.9247095,Pure DPC,No
45.6274899,-122.6776725,Pure DPC,No
39.2801129,-80.3351425,Hybrid,Yes
33.7569662,-96.5381168,Pure DPC,No
35.4440514,-97.3699729,Pure DPC,No
38.927031,-94.64108,Pure DPC,No
30.5312531,-87.88223049999999,Pure DPC,No
25.6974785,-80.33295,Pure DPC,No
41.4648184,-81.84076710000001,Pure DPC,No
33.9803136,-84.4210203,Pure DPC,No
28.0884364,-80.5753731,Pure DPC,No
34.013793,-84.4967771,Pure DPC,No
39.7468789,-89.5301898,Pure DPC,No
47.681579,-122.3464494,Pure DPC,No
27.1533448,-80.29740749999999,Pure DPC,No
42.982557,-85.6664562,Pure DPC,Yes
33.7709115,-111.9791704,Pure DPC,Yes
44.0370838,-123.1495792,Pure DPC,No
42.5843645,-114.4645378,Pure DPC,No
42.1078476,-70.75574999999999,Pure DPC,No
32.9946343,-117.0792703,Pure DPC,No
45.14051740000001,-90.35979720000002,Pure DPC,No
40.99141729999999,-80.632258,Pure DPC,No
39.2749554,-76.8252893,Pure DPC,No
37.76435180000001,-100.0347424,Pure DPC,No
47.7610464,-117.3900848,Hybrid,No
39.4666893,-87.40870439999999,Pure DPC,No
38.2975381,-122.286865,Pure DPC,No
43.4940558,-111.9984675,Pure DPC,No
32.9359798,-96.9059831,Pure DPC,No
36.214257,-115.250976,Hybrid,No
30.3686065,-87.1728462,Pure DPC,No
41.505775,-87.855937,Pure DPC,No
48.752376,-122.4785002,Pure DPC,No
32.7120704,-97.333235,Pure DPC,No
35.1775952,-82.17778899999999,Pure DPC,No
40.1716986,-75.1371075,Pure DPC,No
46.9563454,-112.6788394,Pure DPC,No
39.054911,-104.824052,Pure DPC,No
42.446225,-90.848871,Hybrid,No
29.6139922,-98.49166389999999,Pure DPC,No
40.5364242,-75.7325608,Pure DPC,Yes
43.6015581,-71.7468141,Unknown/Other,No
33.0909867,-82.0172984,Pure DPC,No
36.46182599999999,-94.30052300000001,Hybrid,No
33.20843,-87.5651178,Pure DPC,No
42.7693806,-73.823435,Pure DPC,No
34.1787455,-118.8690712,Pure DPC,Yes
33.6344158,-117.9215362,Pure DPC,No
26.1069493,-80.1416867,Pure DPC,No
30.1889894,-95.45866660000002,Pure DPC,No
35.0792955,-106.6136299,Pure DPC,No
42.5088274,-76.6149384,Pure DPC,No
40.0809113,-82.8119881,Pure DPC,No
39.7464001,-104.9744309,Pure DPC,No
36.3562651,-82.44088599999999,Pure DPC,Yes
34.0682879,-118.383474,Pure DPC,No
28.6324496,-81.3653554,Pure DPC,No
30.2185068,-95.7460274,Hybrid,Yes
33.4139008,-111.8994002,Pure DPC,No
26.138817,-80.2399468,Hybrid,No
35.2344107,-80.8189431,Pure DPC,No
47.7488556,-116.7845511,Pure DPC,No
39.0326721,-94.6969007,Pure DPC,No
42.3790446,-122.9279932,Pure DPC,No
34.6677651,-86.7550728,Pure DPC,No
43.4832701,-111.9691871,Unknown/Other,No
39.63091379999999,-86.0936516,Pure DPC,No
45.04959059999999,-93.0270444,Pure DPC,No
42.7533685,-84.7463757,Pure DPC,No
41.386583,-81.4382127,Pure DPC,No
40.0602534,-83.07980909999999,Pure DPC,No
35.0534054,-85.1488372,Pure DPC,No
44.5046445,-114.2317308,Pure DPC,No
36.0211314,-80.388302,Unknown/Other,No
37.9953826,-84.5347835,Pure DPC,No
34.94782530000001,-82.2344361,Pure DPC,No
43.675732,-70.29508369999999,Pure DPC,No
44.0172255,-123.0880552,Pure DPC,No
48.2747591,-116.5527856,Pure DPC,No
33.3048185,-112.0160588,Pure DPC,No
29.5568393,-95.36504529999999,Pure DPC,No
42.783354,-83.50051599999999,Pure DPC,No
40.1150607,-104.9444093,Hybrid,Yes
30.2632228,-97.8148288,Pure DPC,No
38.4561416,-105.2316789,Pure DPC,No
30.2884426,-81.6037631,Pure DPC,No
40.9669888,-76.8918226,Pure DPC,No
42.7671186,-83.01878099999999,Pure DPC,No
35.4741506,-97.5146984,Pure DPC,No
43.8333296,-70.44492009999999,Pure DPC,No
29.934819,-97.88914199999999,Pure DPC,No
48.1856614,-114.3103299,Pure DPC,No
43.677031,-116.299249,Pure DPC,No
43.1527629,-70.66058509999999,Pure DPC,No
43.597672,-70.3224674,Pure DPC,No
38.4125343,-82.29861310000001,Pure DPC,No
33.4908162,-80.86463669999999,Pure DPC,No
39.7614228,-86.39385500000002,Pure DPC,No
30.4195595,-95.5031235,Pure DPC,No
35.6769441,-82.57699319999999,Pure DPC,No
41.4669535,-81.9269374,Pure DPC,No
40.2643283,-80.13557469999999,Pure DPC,No
41.8296485,-86.3558046,Pure DPC,No
41.1004698,-80.76184839999999,Pure DPC,No
34.199342,-86.80233969999999,Pure DPC,No
35.770829,-82.437614,Pure DPC,No
35.1755806,-106.5525132,Pure DPC,No
33.474666,-86.7865195,Pure DPC,No
41.9104517,-87.6692877,Pure DPC,No
47.4644177,-114.886814,Hybrid,Yes
40.3167914,-74.0597252,Pure DPC,No
26.256534,-80.234518,Pure DPC,No
30.098544,-94.1297475,Pure DPC,No
42.31765499999999,-122.816682,Pure DPC,No
42.3657743,-71.06344779999999,Pure DPC,No
35.9297225,-79.02906449999999,Pure DPC,No
36.1043749,-79.8888025,Pure DPC,No
26.3762551,-80.1209258,Hybrid,No
35.3356496,-96.1363921,Pure DPC,Yes
45.0806795,-93.05007379999999,Pure DPC,No
43.0263613,-89.39530979999999,Pure DPC,No
33.507338,-84.219122,Pure DPC,No
28.5427489,-81.378885,Pure DPC,No
30.3875117,-97.74945810000001,Pure DPC,No
43.6406966,-70.2547501,Pure DPC,No
39.21264,-85.921176,Pure DPC,No
40.2570208,-76.9220596,Pure DPC,No
28.0852466,-82.498646,Pure DPC,No
42.8794021,-88.4740121,Hybrid,No
43.4094687,-95.1251925,Pure DPC,No
30.2523784,-81.5540913,Pure DPC,No
32.0393841,-81.0886251,Pure DPC,No
32.6244564,-96.857643,Pure DPC,No
44.9258525,-123.0440552,Pure DPC,No
47.31386759999999,-122.3338986,Pure DPC,No
27.9571399,-82.5339718,Pure DPC,No
41.8847137,-74.11053129999999,Pure DPC,No
27.2834478,-80.2872435,Pure DPC,No
32.780214,-79.9741069,Unknown/Other,No
29.7148221,-98.16706099999999,Pure DPC,No
36.2762145,-78.597824,Pure DPC,No
30.3415589,-97.75495459999999,Pure DPC,No
40.5885718,-111.9752347,Pure DPC,No
36.9484528,-81.084811,Pure DPC,No
40.5097481,-111.4129963,Pure DPC,No
37.3770935,-77.5049863,Pure DPC,No
35.7029741,-78.6121079,Hybrid,No
37.5752049,-77.5181077,Pure DPC,No
35.6684103,-78.7989942,Pure DPC,No
33.6746905,-117.794379,Pure DPC,No
45.7851721,-108.5505824,Pure DPC,No
30.2192839,-81.6088589,Pure DPC,No
42.9187236,-85.5804785,Pure DPC,Yes
33.7198626,-118.2825856,Hybrid,No
47.5752534,-122.0363908,Pure DPC,No
30.4182322,-87.2103577,Pure DPC,No
40.011696,-75.26016150000001,Pure DPC,No
43.0574722,-89.32657669999999,Pure DPC,No
28.5526776,-81.7257508,Pure DPC,No
41.6114723,-86.7203541,Pure DPC,No
38.7659519,-104.8182358,Pure DPC,No
30.220083,-81.60796400000001,Pure DPC,No
40.776656,-73.96025159999999,Pure DPC,No
46.8261885,-96.8822196,Pure DPC,No
28.3360556,-82.25684439999999,Hybrid,Yes
36.1637359,-86.516984,Pure DPC,No
38.9150272,-77.2331629,Hybrid,No
43.1449531,-70.6494541,Pure DPC,No
35.472491,-77.418589,Pure DPC,No
35.5029352,-82.5219695,Pure DPC,No
37.0188006,-76.32169139999999,Pure DPC,No
35.911306,-78.9429098,Pure DPC,No
28.5536763,-81.7663714,Pure DPC,No
33.8602263,-84.01599879999999,Hybrid,Yes
30.2189517,-81.6106573,Unknown/Other,No
43.1737591,-73.04912879999999,Pure DPC,No
39.9865721,-105.1050266,Pure DPC,No
26.2506482,-80.0959615,Hybrid,No
30.0461274,-81.5679442,Pure DPC,No
39.9798187,-86.1267185,Pure DPC,No
38.0585146,-78.5988843,Pure DPC,No
26.0973522,-80.3031519,Pure DPC,No
42.3308077,-122.8638701,Pure DPC,No
35.2764794,-81.1389549,Pure DPC,No
30.6120715,-97.2166247,Pure DPC,No
33.5776046,-111.8766646,Pure DPC,No
42.9288979,-73.242023,Pure DPC,No
33.5819836,-112.0147147,Pure DPC,No
43.5320772,-110.8428889,Pure DPC,No
38.7439374,-121.2019521,Pure DPC,No
29.15489659999999,-82.1731885,Pure DPC,No
29.7128077,-95.4611856,Pure DPC,No
29.7334032,-95.4194291,Pure DPC,Yes
29.5154115,-98.461322,Unknown/Other,No
39.9487687,-86.27934479999999,Pure DPC,No
33.93210820000001,-84.5221165,Pure DPC,Yes
40.7920542,-77.86040009999999,Hybrid,No
42.2702054,-71.8024202,Pure DPC,No
41.3167108,-73.2181762,Pure DPC,No
39.9658306,-86.1448879,Pure DPC,No
32.8295014,-97.12042389999999,Hybrid,No
40.72019909999999,-74.5575789,Pure DPC,No
40.4611399,-74.4567385,Unknown/Other,No
40.9849135,-74.1707409,Pure DPC,No
36.8363342,-119.7681655,Pure DPC,No
30.4279441,-84.2374744,Pure DPC,No
35.2667122,-81.1380161,Hybrid,No
42.8162744,-72.02269580000001,Pure DPC,No
43.5956488,-70.324621,Pure DPC,No
36.0614399,-95.81424729999999,Pure DPC,No
38.5717433,-92.16549739999999,Pure DPC,No
44.5916576,-88.0703028,Pure DPC,Yes
33.4079128,-111.7195299,Pure DPC,Yes
38.9928433,-77.02332890000001,Pure DPC,No
28.5574251,-81.3287893,Pure DPC,No
40.5715308,-112.29448,Pure DPC,No
42.5349326,-83.1514991,Pure DPC,No
40.644148,-75.4395058,Pure DPC,No
33.917202,-83.4409996,Pure DPC,No
39.36653889999999,-76.65108579999999,Pure DPC,No
40.5801558,-111.8503844,Pure DPC,No
38.8649165,-77.239299,Hybrid,No
40.5880299,-111.9752213,Pure DPC,No
42.6552614,-77.0558403,Hybrid,No
35.1708542,-89.8323151,Pure DPC,No
44.9477353,-93.1683391,Pure DPC,No
44.0213409,-92.49670859999999,Pure DPC,No
45.3055201,-93.7941378,Pure DPC,No
40.10968630000001,-82.9297718,Pure DPC,No
45.5332485,-122.8469626,Pure DPC,No
35.9066373,-86.8410275,Pure DPC,No
38.3824069,-78.97622249999999,Unknown/Other,No
31.1595905,-81.3885517,Pure DPC,No
36.0287852,-115.134767,Pure DPC,No
40.7415074,-92.8697535,Pure DPC,No
42.6514047,-73.7508532,Pure DPC,No
40.585193,-122.4104814,Pure DPC,Yes
42.9599137,-87.945683,Pure DPC,No
38.0034485,-122.5438654,Pure DPC,Yes
41.954175,-87.706291,Pure DPC,No
48.4961774,-122.6122806,Pure DPC,No
38.3312096,-85.5669313,Pure DPC,No
37.7561438,-122.4325682,Pure DPC,No
36.1586095,-115.245402,Pure DPC,No
43.5867806,-71.2148878,Pure DPC,No
26.3634785,-80.17381209999999,Pure DPC,No
27.5686866,-99.4709359,Pure DPC,No
32.727527,-94.9437075,Pure DPC,No
28.5501369,-81.75305,Pure DPC,No
28.237195,-82.30730299999999,Pure DPC,No
39.2718294,-84.3733946,Pure DPC,No
43.1067021,-89.5149838,Hybrid,No
35.525054,-94.76225210000001,Pure DPC,No
34.5926663,-112.4315101,Pure DPC,Yes
35.7875734,-84.2717931,Pure DPC,No
38.3324466,-85.820252,Pure DPC,No
26.287144,-80.22636349999999,Pure DPC,No
39.9956629,-83.8030442,Pure DPC,No
33.5530964,-86.27408559999999,Pure DPC,Yes
39.27125849999999,-76.73360699999999,Pure DPC,No
47.6516179,-117.4297634,Pure DPC,No
40.2592017,-103.7964581,Pure DPC,No
40.1207633,-91.9228261,Pure DPC,No
26.8019016,-80.0979224,Pure DPC,Yes
27.3628883,-82.4669717,Hybrid,No
34.8619079,-82.39360909999999,Pure DPC,No
34.3517988,-89.5205118,Pure DPC,No
45.954956,-86.2477014,Pure DPC,No
24.7185391,-81.0656679,Pure DPC,No
33.3626262,-112.168922,Hybrid,Yes
41.7801997,-73.74907,Pure DPC,No
38.8134396,-94.4935574,Pure DPC,Yes
38.3090389,-104.6412624,Pure DPC,No
38.2994542,-76.6392879,Pure DPC,No
30.6241847,-87.05704829999999,Pure DPC,No
39.5781286,-86.1500331,Pure DPC,No
27.8948929,-82.27365619999999,Hybrid,No
29.0426012,-95.4508151,Pure DPC,No
32.4432916,-93.7089539,Pure DPC,No
40.0872125,-82.7906817,Pure DPC,No
41.4607793,-75.65813179999999,Pure DPC,No
38.156094,-85.83405619999999,Pure DPC,Yes
40.0554481,-75.4059281,Pure DPC,No
44.9215807,-92.9378081,Pure DPC,No
32.9155311,-97.28780359999999,Pure DPC,No
39.56944319999999,-76.3577866,Pure DPC,No
43.3776438,-70.5500478,Pure DPC,No
39.2398357,-106.3013373,Pure DPC,No
29.57302,-98.51617399999999,Pure DPC,No
39.3725415,-76.47352169999999,Pure DPC,No
39.9242437,-86.1571324,Pure DPC,No
30.6306854,-96.3044784,Hybrid,No
40.419637,-86.8292899,Pure DPC,No
30.5008034,-87.18536309999999,Pure DPC,No
33.9518215,-84.60774219999999,Unknown/Other,Yes
40.9250513,-90.65342910000001,Hybrid,No
33.4381107,-111.6948213,Pure DPC,No
28.6541969,-81.2243464,Pure DPC,No
48.220714,-114.3260121,Pure DPC,No
28.2104359,-82.6791456,Pure DPC,Yes
45.5158844,-122.7936096,Pure DPC,No
42.219681,-86.05154639999999,Hybrid,No
32.9757212,-96.9931876,Pure DPC,No
40.1457814,-83.0907266,Pure DPC,No
26.2036952,-80.1582059,Hybrid,No
44.19790039999999,-103.3528176,Pure DPC,Yes
47.5450939,-122.0602069,Pure DPC,No
39.7294854,-105.1270159,Pure DPC,Yes
45.5363026,-122.6181685,Pure DPC,No
38.9655991,-76.8439691,Hybrid,No
26.5290896,-80.1847011,Hybrid,No
40.2822009,-76.66116559999999,Pure DPC,No
41.8969826,-87.66758279999999,Pure DPC,No
36.1599999,-115.2720306,Pure DPC,No
36.9810828,-122.0058224,Pure DPC,No
30.0971621,-95.6160549,Pure DPC,No
39.0914779,-94.580432,Pure DPC,No
32.4494878,-93.7467824,Pure DPC,No
32.9413871,-97.12689429999999,Pure DPC,No
37.4665421,-77.6626501,Pure DPC,No
38.9297853,-94.68225869999999,Pure DPC,No
40.1642686,-76.6092622,Pure DPC,No
34.420334,-119.7107494,Pure DPC,No
38.016171,-84.42266269999999,Pure DPC,No
44.775863,-94.9907559,Pure DPC,No
44.9020901,-89.54408800000002,Pure DPC,Yes
29.8600354,-81.3271508,Pure DPC,No
31.8799445,-106.4231456,Hybrid,No
32.6976354,-97.1260231,Pure DPC,No
39.9822747,-86.1383668,Pure DPC,No
41.4832793,-82.0200076,Pure DPC,No
41.0985422,-81.7358824,Pure DPC,No
42.4331379,-123.1677768,Pure DPC,No
41.8968122,-87.6411895,Pure DPC,Yes
34.1051833,-118.1501249,Unknown/Other,No
40.39937560000001,-74.6505401,Hybrid,No
47.565326,-122.3870559,Pure DPC,No
34.1541982,-118.823208,Pure DPC,No
40.7564306,-86.7727943,Hybrid,No
39.6129087,-86.0779381,Pure DPC,No
38.7524586,-75.1646161,Pure DPC,No
30.3122354,-97.85378109999999,Pure DPC,No
33.9777694,-84.567964,Pure DPC,No
30.3205533,-86.1388407,Pure DPC,No
39.1999487,-76.8084846,Pure DPC,No
40.8720766,-73.4249869,Pure DPC,No
42.306772,-83.691726,Pure DPC,No
41.54086030000001,-83.6406069,Pure DPC,No
36.0318013,-83.8473564,Pure DPC,No
25.7020871,-80.35677249999999,Pure DPC,Yes
35.7385589,-78.8886744,Pure DPC,No
36.1044833,-79.4897223,Unknown/Other,Yes
36.04859,-79.59361,Pure DPC,Yes
34.5090856,-82.6502561,Pure DPC,No
35.916514,-78.9632297,Pure DPC,No
46.2796355,-114.1521339,Pure DPC,No
43.1126382,-89.4727715,Pure DPC,No
35.6532958,-78.832177,Pure DPC,No
45.5628847,-122.6705074,Pure DPC,No
37.6047512,-77.5333454,Pure DPC,No
42.2484122,-71.79416499999999,Pure DPC,No
37.0970362,-113.5632826,Pure DPC,No
44.8596311,-92.62549659999999,Pure DPC,No
41.6954309,-86.19040389999999,Pure DPC,No
38.6100332,-90.35018099999999,Pure DPC,No
33.4647783,-112.3591143,Pure DPC,No
28.9593532,-98.4859628,Pure DPC,No
45.36731349999999,-84.9974254,Pure DPC,No
40.6225728,-73.7222049,Pure DPC,No
28.6238931,-81.3233066,Pure DPC,No
37.3130716,-89.54361159999999,Pure DPC,No
46.8037098,-114.0478857,Pure DPC,No
48.2260954,-114.3070068,Pure DPC,No
39.4940657,-76.66085369999999,Pure DPC,No
41.322673,-81.6451965,Pure DPC,No
31.0744992,-97.65486100000001,Pure DPC,No
41.595657,-93.8076696,Pure DPC,No
39.0894994,-76.8446881,Pure DPC,No
35.99934289999999,-115.1075886,Pure DPC,No
41.7411409,-93.59942799999999,Hybrid,No
41.698117,-93.451402,Hybrid,No
38.8833268,-94.66154519999999,Pure DPC,No
30.51943439999999,-97.7755014,Pure DPC,No
28.258409,-82.6953645,Pure DPC,No
38.8276103,-104.8135081,Pure DPC,No
27.9331423,-82.30430489999999,Pure DPC,No
30.838355,-83.97930199999999,Pure DPC,No
28.1286141,-82.5220717,Pure DPC,Yes
34.0104114,-118.3994599,Pure DPC,No
45.5347957,-122.6442944,Pure DPC,No
37.6250222,-77.5499671,Pure DPC,No
40.1149892,-83.09262849999999,Hybrid,No
40.7444032,-73.9871763,Pure DPC,No
44.7395184,-93.2204578,Pure DPC,No
29.93438849999999,-95.2587956,Pure DPC,No
47.17008449999999,-122.602211,Pure DPC,No
32.9221564,-96.7853731,Pure DPC,No
42.3058064,-83.5358779,Pure DPC,No
42.0598778,-88.2132453,Hybrid,No
41.0477,-89.0498157,Pure DPC,No
40.7510316,-73.98617089999999,Pure DPC,Yes
39.9623262,-75.3538343,Pure DPC,No
40.3155323,-74.62078269999999,Pure DPC,No
28.0659427,-82.56167390000002,Pure DPC,No
34.8570023,-82.32758419999999,Pure DPC,No
41.2626405,-73.0050594,Pure DPC,No
32.7582962,-117.1466073,Pure DPC,No
41.6719778,-91.56571679999999,Pure DPC,No
29.58987369999999,-90.7379821,Pure DPC,No
39.9007733,-74.9358886,Pure DPC,No
36.3143694,-115.3091993,Pure DPC,No
35.19289,-80.767623,Pure DPC,No
44.5432966,-93.5760652,Pure DPC,No
28.812031,-81.28200799999999,Pure DPC,No
47.029342,-122.9250538,Pure DPC,No
34.067526,-117.9315301,Pure DPC,No
40.4812308,-104.9211205,Pure DPC,Yes
35.5881573,-77.3746086,Pure DPC,No
33.556434,-111.8959182,Pure DPC,No
26.8439972,-80.0619944,Pure DPC,No
44.7748151,-85.6431087,Hybrid,No
34.4393789,-83.1101157,Pure DPC,No
40.6393991,-89.54148289999999,Pure DPC,No
46.2183116,-119.2293011,Pure DPC,No
39.89238659999999,-84.1949746,Pure DPC,No
43.04017950000001,-88.2550964,Pure DPC,No
38.8923625,-94.7971795,Pure DPC,No
30.4143725,-87.2127673,Pure DPC,No
35.1594295,-80.8498444,Pure DPC,No
33.6377972,-112.3819177,Pure DPC,No
34.02875,-118.4717975,Pure DPC,Yes
39.5959896,-105.0925163,Pure DPC,Yes
42.5918998,-83.4488525,Pure DPC,No
47.21698079999999,-122.5367711,Pure DPC,No
38.9900947,-77.0975451,Pure DPC,No
40.5755826,-79.9541674,Pure DPC,No
41.5642226,-90.5250808,Pure DPC,No
26.9409,-80.094953,Pure DPC,No
42.5865951,-71.9868746,Pure DPC,No
30.56724419999999,-97.8107689,Pure DPC,No
34.0881444,-84.47631349999999,Pure DPC,No
42.1864968,-71.3097276,Hybrid,Yes
37.45907010000001,-77.6570627,Pure DPC,No
38.88585399999999,-99.3212563,Pure DPC,Yes
41.0693557,-73.8610846,Pure DPC,No
33.6112415,-112.1766116,Hybrid,No
38.075465,-78.49550649999999,Pure DPC,No
47.5980441,-122.1901195,Pure DPC,No
41.7554762,-71.2179992,Pure DPC,No
48.0565574,-122.1757533,Pure DPC,Yes
39.0609819,-77.467258,Pure DPC,Yes
41.4320674,-71.491692,Pure DPC,No
43.1158684,-77.5508195,Pure DPC,No
25.7909259,-80.1327913,Pure DPC,No
27.9444575,-82.5126243,Pure DPC,No
39.8289296,-75.1645802,Pure DPC,No
43.851708,-70.45098279999999,Pure DPC,No
29.7099195,-95.4589834,Pure DPC,No
28.1273379,-82.5271193,Pure DPC,No
35.9574781,-86.80187029999999,Pure DPC,No
33.8617088,-78.6490977,Pure DPC,No
34.0669074,-118.3906345,Unknown/Other,No
40.07620989999999,-75.35210359999999,Pure DPC,No
35.1769627,-106.5668736,Pure DPC,No
36.426738,-86.69417349999999,Hybrid,No
41.5610608,-93.7696962,Hybrid,No
35.9046073,-78.5854394,Pure DPC,No
36.3444249,-82.23780880000001,Pure DPC,No
39.6333607,-106.0727399,Pure DPC,Yes
40.3886903,-80.0723029,Pure DPC,No
28.0812818,-82.42433919999999,Pure DPC,No
47.07236229999999,-122.7674252,Pure DPC,No
34.1907307,-118.6039788,Pure DPC,Yes
38.1244595,-121.289369,Hybrid,No
39.8822134,-75.5345168,Pure DPC,No
41.9137302,-87.669444,Pure DPC,No
44.9410768,-93.50282519999999,Hybrid,No
34.9958818,-85.2175041,Pure DPC,No
32.5382516,-82.90500000000002,Pure DPC,No
26.0305293,-80.295063,Pure DPC,No
42.9330169,-85.3434126,Pure DPC,No
26.542531,-81.87411039999999,Pure DPC,No
35.4577869,-80.8680895,Pure DPC,No
35.9517107,-86.82494469999999,Pure DPC,No
38.258545,-122.048459,Pure DPC,No
28.51781,-81.481854,Pure DPC,No
28.0689901,-82.4750911,Pure DPC,No
38.248733,-85.5269871,Pure DPC,No
44.7974031,-68.7703575,Pure DPC,No
39.756637,-105.1431,Pure DPC,No
47.004914,-120.5846042,Pure DPC,No
38.9139093,-77.2330726,Pure DPC,Yes
37.2821967,-77.4132225,Hybrid,No
42.3516467,-71.0727513,Hybrid,No
42.2950642,-71.1979049,Hybrid,No
44.59129420000001,-123.2729163,Pure DPC,No
44.90905129999999,-107.1615575,Pure DPC,No
29.5072167,-82.2797046,Pure DPC,No
45.4279926,-122.7492064,Pure DPC,No
38.67493959999999,-90.4533903,Pure DPC,Yes
38.8738786,-99.3295193,Pure DPC,No
44.08767779999999,-123.103867,Pure DPC,No
47.0357686,-122.9357433,Pure DPC,No
45.5593354,-122.642598,Pure DPC,No
42.5078555,-83.3600068,Pure DPC,No
35.5572521,-120.7007596,Pure DPC,No
26.0839254,-80.3739988,Pure DPC,No
47.3118698,-122.0370584,Pure DPC,No
35.1314468,-106.5966283,Hybrid,No
30.4566444,-84.2770448,Pure DPC,No
42.3098385,-83.4235381,Pure DPC,No
32.4252085,-90.1532534,Hybrid,No
46.8315697,-96.90740699999999,Pure DPC,No
42.9713807,-85.67335039999999,Pure DPC,No
45.5739126,-96.1743118,Pure DPC,No
41.6429623,-93.5073736,Hybrid,No
43.8155107,-91.251235,Hybrid,No
34.2858266,-77.8065501,Pure DPC,No
42.5734763,-70.76988600000001,Pure DPC,No
34.5602892,-112.4824862,Pure DPC,No
39.9876861,-105.1402625,Pure DPC,No
40.1355869,-75.1821207,Pure DPC,No
46.869262,-113.9914868,Unknown/Other,No
31.3229477,-89.2905352,Pure DPC,No
31.2999695,-89.3752531,Pure DPC,No
41.6053151,-83.6534054,Pure DPC,No
38.9343263,-92.7440685,Pure DPC,No
39.7919985,-93.5521818,Pure DPC,No
38.939574,-104.7168676,Pure DPC,No
37.9782831,-87.44192439999999,Pure DPC,No
27.8489649,-80.4898166,Pure DPC,Yes
35.0916659,-92.4985571,Hybrid,No
35.9163418,-82.070154,Pure DPC,No
39.2614795,-84.34116879999999,Pure DPC,No
30.6220645,-81.54707330000001,Pure DPC,No
32.542124,-97.1070032,Hybrid,No
33.658172,-117.8657786,Pure DPC,No
27.2540005,-82.5158143,Pure DPC,No
34.4852286,-84.92221649999999,Pure DPC,No
41.7009563,-91.6111188,Hybrid,No
42.0324506,-91.69826069999999,Hybrid,No
42.4833091,-92.4574284,Hybrid,No
41.2578836,-96.07775330000001,Pure DPC,No
43.4952464,-96.7887461,Unknown/Other,No
34.0950683,-117.7161319,Pure DPC,No
39.4003697,-107.2104118,Pure DPC,Yes
33.2832343,-111.6483266,Pure DPC,No
32.9149115,-96.87219979999999,Hybrid,No
33.0277753,-96.8863578,Hybrid,No
39.5300711,-104.8745265,Pure DPC,No
30.1771923,-85.66210099999999,Pure DPC,No
28.3543747,-80.6942857,Pure DPC,No
42.7830971,-86.0194016,Pure DPC,No
47.7530059,-116.7919845,Pure DPC,No
43.624829,-116.2200472,Pure DPC,Yes
45.5714237,-93.22505729999999,Pure DPC,Yes
41.7338951,-73.5805306,Pure DPC,No
39.7253095,-84.16240049999999,Unknown/Other,No
35.1371663,-97.6621701,Unknown/Other,No
35.3221279,-94.3414965,Pure DPC,No
29.6558015,-98.6255274,Pure DPC,No
33.5651097,-111.9163848,Pure DPC,No
48.2747591,-116.5527856,Pure DPC,No
33.7614903,-84.3878952,Pure DPC,No
30.4429616,-84.2793011,Pure DPC,No
41.8102992,-87.949314,Pure DPC,No
47.0188818,-122.9211404,Pure DPC,No
39.7453651,-104.9906385,Hybrid,No
41.6756977,-91.57945819999999,Pure DPC,No
39.9582889,-75.1565902,Pure DPC,No
38.9124287,-94.6638253,Pure DPC,No
32.2418111,-80.8584703,Pure DPC,No
38.4258623,-78.8520978,Pure DPC,No
35.9207099,-78.92961009999999,Pure DPC,No
39.69701209999999,-105.0809624,Pure DPC,No
40.3134615,-75.1308039,Pure DPC,No
46.5966051,-112.0373908,Pure DPC,No
39.7797579,-86.14851469999999,Pure DPC,No
43.6540884,-70.3191303,Pure DPC,No
33.5462527,-82.1480323,Pure DPC,No
39.7348825,-104.9454162,Hybrid,Yes
35.8792656,-78.6255894,Pure DPC,No
35.7970655,-78.649795,Pure DPC,No
35.8982236,-84.1254992,Pure DPC,No
40.3054375,-111.7011762,Pure DPC,No
38.4080753,-85.3774321,Pure DPC,No
40.6943914,-111.8491965,Pure DPC,No
30.6003921,-87.3408501,Pure DPC,No
36.0736836,-95.7776107,Pure DPC,No
42.3618945,-87.92850109999999,Pure DPC,No
26.0251735,-80.34659830000001,Pure DPC,No
25.6779154,-80.3194242,Unknown/Other,No
42.71798099999999,-73.79855540000001,Pure DPC,No
35.4935454,-97.29140029999999,Hybrid,No
34.16948180000001,-79.79838029999999,Pure DPC,No
28.9641084,-82.4190279,Pure DPC,No
35.3203844,-80.6594301,Pure DPC,No
39.9387575,-86.2886669,Pure DPC,No
46.9988168,-122.830656,Pure DPC,No
40.5406073,-105.0733685,Pure DPC,No
36.1595266,-115.1930732,Hybrid,No
41.3208583,-81.6462044,Pure DPC,No
45.59773759999999,-122.5055813,Pure DPC,No
36.067014,-115.2521753,Pure DPC,No
45.9138228,-89.24919829999999,Hybrid,No
37.7843884,-122.3018585,Pure DPC,No
28.2145507,-80.6744786,Pure DPC,No
32.459882,-86.43676710000001,Pure DPC,No
43.7355024,-70.2207875,Pure DPC,No
34.1404079,-118.1511504,Pure DPC,Yes
37.9733871,-122.5251743,Pure DPC,No
33.6378062,-111.9980544,Pure DPC,No
38.9657544,-77.10557539999999,Pure DPC,No
35.6259094,-87.0387564,Pure DPC,No
30.32077649999999,-81.6749107,Pure DPC,Yes
38.8426847,-104.8236715,Pure DPC,Yes
21.3215492,-157.8559229,Pure DPC,No
35.1765689,-106.5685076,Pure DPC,Yes
42.3145309,-122.8259736,Pure DPC,No
26.7121103,-80.1475985,Pure DPC,No
29.9902161,-95.5226316,Pure DPC,No
33.909806,-84.3505723,Pure DPC,No
43.120509,-77.5525861,Pure DPC,No
33.7141042,-112.2786641,Pure DPC,No
44.4481109,-93.169494,Pure DPC,No
39.8383753,-105.0840392,Pure DPC,No
40.6643439,-78.2518801,Hybrid,No
36.0641421,-79.4954518,Pure DPC,No
29.6895751,-82.44092069999999,Pure DPC,No
40.6785687,-73.45557749999999,Pure DPC,No
35.0852465,-80.63522710000001,Pure DPC,No
43.2827192,-78.7079068,Pure DPC,Yes
33.8657499,-84.46674329999999,Pure DPC,Yes
33.0212589,-117.0815617,Pure DPC,No
30.1642124,-81.5254204,Pure DPC,No
40.6918392,-73.33469889999999,Pure DPC,No
42.7820832,-71.2359359,Pure DPC,No
38.75398790000001,-77.4499416,Pure DPC,No
43.1861408,-70.8743791,Pure DPC,No
37.5552183,-77.4859676,Pure DPC,No
26.1278437,-80.24950849999999,Hybrid,No
35.0763688,-85.29638849999999,Pure DPC,No
33.6252822,-111.9943599,Pure DPC,No
42.3910023,-71.1550232,Hybrid,No
33.5833217,-111.9729292,Pure DPC,No
40.305136,-87.8000548,Pure DPC,No
40.8773612,-81.4423068,Hybrid,No
32.3215356,-111.0089067,Pure DPC,No
32.842369,-104.401693,Pure DPC,No
37.3704824,-108.5722993,Pure DPC,No
40.8773238,-111.89277,Pure DPC,No
43.6182041,-116.3280077,Pure DPC,No
36.4686876,-82.8535371,Pure DPC,No
42.0165112,-87.8385716,Hybrid,No
40.4354086,-105.0770232,Pure DPC,No
42.7554921,-84.48412309999999,Pure DPC,No
39.89064,-76.95586689999999,Pure DPC,No
43.713007,-70.23464299999999,Pure DPC,Yes
37.2848707,-77.41230860000002,Pure DPC,No
47.7539018,-116.7932024,Pure DPC,No
39.9223298,-86.15608639999999,Pure DPC,No
29.6623828,-82.3383752,Pure DPC,No
29.1962228,-82.0855486,Pure DPC,No
33.0547936,-96.7923979,Pure DPC,No
42.5197331,-83.7485952,Pure DPC,No
35.4416554,-80.5954347,Pure DPC,No
39.8768418,-75.0516689,Pure DPC,No
39.5943814,-104.8352036,Pure DPC,No
38.8314373,-104.8542357,Pure DPC,No
39.272974,-94.42620199999999,Pure DPC,No
34.1470587,-118.1386622,Hybrid,No
39.1505033,-75.52806489999999,Unknown/Other,No
43.1465696,-89.29453769999999,Pure DPC,No
45.3006112,-122.9749594,Pure DPC,No
42.5188776,-70.9960715,Pure DPC,No
39.075375,-78.177279,Pure DPC,No
30.6703055,-97.69575309999999,Hybrid,No
41.632484,-70.4660633,Pure DPC,No
35.2639039,-106.6581193,Pure DPC,No
26.3435292,-80.15619099999999,Pure DPC,No
35.3684263,-81.95725329999999,Pure DPC,Yes
39.7683237,-86.15539179999999,Pure DPC,No
28.027741,-81.92962290000001,Hybrid,No
47.66344429999999,-122.3756928,Pure DPC,No
39.0995702,-77.1958769,Pure DPC,No
33.7468417,-117.8386804,Pure DPC,No
37.8724188,-90.52817069999999,Pure DPC,No
28.194661,-82.3550932,Hybrid,No
36.7542327,-119.1710137,Pure DPC,No
27.9182717,-82.7748945,Pure DPC,No
28.8127224,-81.2681966,Pure DPC,Yes
43.1977301,-89.212616,Pure DPC,No
42.3313407,-122.8653501,Pure DPC,No
39.5630477,-104.8669291,Pure DPC,No
34.2100263,-110.0224011,Pure DPC,Yes
47.625851,-122.5216166,Pure DPC,No
41.4133169,-73.4317492,Unknown/Other,No
37.4802443,-100.8442607,Hybrid,Yes
41.7626273,-70.06573159999999,Pure DPC,No
45.4327549,-122.5729739,Pure DPC,No
39.9210241,-91.3849267,Pure DPC,No
36.1176133,-80.0712152,Hybrid,No
32.2989261,-106.7436385,Hybrid,Yes
37.9113731,-122.042464,Pure DPC,No
28.5384663,-81.2811755,Hybrid,No
28.6635686,-81.3684297,Hybrid,No
46.7193643,-116.9830922,Pure DPC,No
40.71493419999999,-73.6338421,Hybrid,No
27.9323334,-82.2915567,Unknown/Other,No
47.9502305,-122.195073,Hybrid,No
33.8439215,-81.7845282,Pure DPC,No
42.08254050000001,-88.3319097,Pure DPC,No
28.0036244,-81.7219013,Pure DPC,No
40.7444032,-73.9871763,Pure DPC,No
40.1697208,-75.0735303,Hybrid,No
36.2975189,-119.1487202,Pure DPC,No
38.9626435,-77.0872842,Pure DPC,No
30.1992196,-93.25176259999999,Pure DPC,No
41.05941800000001,-73.9495438,Pure DPC,No
39.9577759,-82.937862,Pure DPC,No
40.7445519,-73.99043240000002,Pure DPC,No
43.65226610000001,-72.25283449999999,Pure DPC,No
43.491532,-116.4210833,Pure DPC,No
38.6686093,-121.1592547,Pure DPC,No
42.27264479999999,-88.85570799999999,Hybrid,No
44.9657825,-92.9535071,Pure DPC,No
42.0665764,-71.247832,Pure DPC,No
34.8654632,-120.4171468,Pure DPC,No
31.7105994,-106.2779122,Pure DPC,No
42.7433142,-84.48403569999999,Pure DPC,No
35.9166981,-78.47003140000001,Hybrid,No
41.2902269,-73.4947967,Pure DPC,No
38.47911560000001,-107.8765985,Pure DPC,Yes
35.1032504,-80.9908197,Pure DPC,No
47.5745744,-122.3212514,Pure DPC,No
34.091183,-118.2864322,Pure DPC,No
33.1944325,-96.6121496,Pure DPC,No
40.0211815,-75.6598113,Pure DPC,No
25.7053911,-80.2936699,Pure DPC,No
39.652956,-104.9966837,Pure DPC,No
38.8003499,-121.2963492,Pure DPC,No
37.6548175,-122.4333511,Pure DPC,No
37.3316333,-121.9050194,Pure DPC,No
44.8201834,-91.4573257,Pure DPC,No
36.1009581,-95.93945610000002,Pure DPC,No
36.2813265,-95.8107725,Pure DPC,No
35.1010927,-80.7823938,Pure DPC,No
40.8666388,-74.158169,Unknown/Other,Yes
34.1616927,-118.8370177,Pure DPC,No
33.7245505,-112.5822218,Pure DPC,No
26.5421169,-81.8474981,Pure DPC,No
43.649226,-72.3208266,Pure DPC,Yes
41.582699,-71.4966764,Pure DPC,No
40.2546635,-75.1346081,Pure DPC,No
39.767201,-105.2337079,Pure DPC,No
39.150536,-76.9092833,Pure DPC,No
43.0545811,-75.2798466,Unknown/Other,No
26.3519658,-80.1149399,Pure DPC,No
21.9039196,-159.463794,Pure DPC,No
37.5424483,-77.4437643,Pure DPC,No
41.4388212,-87.33320789999999,Pure DPC,No
33.828722,-84.49962599999999,Pure DPC,No
44.0494464,-121.3140167,Pure DPC,Yes
42.2876241,-71.5968263,Hybrid,Yes
31.2075367,-83.25133749999999,Pure DPC,No
30.1416477,-95.44982429999999,Pure DPC,Yes
46.71976189999999,-116.9836462,Pure DPC,No
44.7958526,-91.51486500000001,Pure DPC,No
38.8500675,-77.31789549999999,Hybrid,No
41.6888133,-81.3300556,Pure DPC,No
32.2417056,-80.858516,Pure DPC,Yes
28.0645269,-82.50676589999999,Pure DPC,No
44.2501733,-105.5483625,Hybrid,No
33.2153854,-96.76701480000001,Hybrid,No
40.7306044,-74.064874,Pure DPC,Yes
40.95179479999999,-74.1399558,Pure DPC,Yes
37.9495171,-122.5338011,Pure DPC,No
39.2908145,-76.61162110000001,Hybrid,No
42.9147012,-85.51569769999999,Pure DPC,No
44.8154915,-92.9380743,Pure DPC,No
40.0279193,-105.2552559,Pure DPC,No
40.55563679999999,-74.3476585,Pure DPC,Yes
29.6754709,-95.42762650000002,Pure DPC,Yes
30.2307594,-97.8605694,Pure DPC,Yes
40.01939970000001,-74.9590745,Pure DPC,Yes
39.844528,-75.125614,Pure DPC,Yes
39.7775073,-75.0514078,Pure DPC,Yes
40.2673988,-74.6763534,Pure DPC,Yes
39.85302,-74.20009379999999,Pure DPC,Yes
28.6491194,-81.2705088,Pure DPC,No
34.0332465,-84.33713279999999,Pure DPC,Yes
40.1176678,-82.98726909999999,Pure DPC,No
39.8954503,-82.42087670000001,Pure DPC,No
33.0154569,-96.7981779,Pure DPC,No
40.179943,-87.62922119999999,Hybrid,No
39.741614,-104.9878708,Pure DPC,No
34.7748597,-82.3214441,Pure DPC,No
37.6139874,-77.6367611,Pure DPC,No
37.5030674,-122.2114508,Pure DPC,No
39.9897324,-85.9163109,Pure DPC,No
47.6722537,-117.2348092,Pure DPC,No
43.094337,-86.215772,Pure DPC,No
39.8395423,-105.0787811,Pure DPC,No
37.9444848,-101.2625545,Pure DPC,No
36.1086676,-86.81014359999999,Unknown/Other,Yes
34.727341,-86.81913399999999,Pure DPC,No
43.0155568,-78.6961876,Unknown/Other,No
47.6720565,-117.2418396,Hybrid,No
40.9835632,-74.11248739999999,Pure DPC,Yes
40.9151544,-74.05557019999999,Pure DPC,Yes
47.0585665,-122.9416374,Pure DPC,No
40.4336824,-79.75132430000001,Pure DPC,No
40.6791309,-74.3309939,Pure DPC,Yes
40.6542428,-74.3041477,Pure DPC,Yes
40.72310299999999,-74.2966752,Pure DPC,Yes
21.2916573,-157.8211204,Pure DPC,No
28.5113565,-81.15432349999999,Pure DPC,No
29.6467642,-82.6076729,Pure DPC,No
33.8657499,-84.46674329999999,Pure DPC,Yes
38.8201968,-94.9558696,Pure DPC,No
35.4930461,-97.5191554,Pure DPC,No
32.2456805,-110.8751842,Hybrid,No
35.6024609,-77.3406083,Pure DPC,No
47.7108085,-116.9496109,Pure DPC,No
40.8937469,-74.4722539,Pure DPC,Yes
40.8171324,-74.16131899999999,Pure DPC,Yes
39.9984518,-82.6724382,Pure DPC,Yes
40.9469329,-73.0680049,Pure DPC,No
35.4112347,-80.85082160000002,Pure DPC,No
28.1914462,-82.3723856,Pure DPC,No
27.9816183,-82.4779954,Pure DPC,Yes
40.7841269,-74.1772998,Pure DPC,Yes
40.7456175,-74.25984,Pure DPC,Yes
40.71686649999999,-84.07141519999999,Pure DPC,No
33.8088567,-117.8491736,Pure DPC,No
32.80977470000001,-79.8836054,Pure DPC,No
40.5724406,-111.8540707,Pure DPC,Yes
46.7947627,-92.0953947,Pure DPC,No
34.2559731,-84.47394609999999,Pure DPC,No
39.8825145,-86.2540211,Pure DPC,No
33.4996578,-101.9402785,Pure DPC,Yes
32.817255,-96.7878308,Pure DPC,Yes
33.9958862,-84.3489474,Pure DPC,No
35.22767640000001,-97.4821101,Pure DPC,No
38.4714025,-107.8683372,Pure DPC,No
39.8989751,-104.9960245,Unknown/Other,No
44.03606569999999,-121.2651195,Pure DPC,No
46.681354,-68.01432489999999,Pure DPC,No
30.4674543,-84.208901,Pure DPC,No
35.1840469,-111.6750187,Pure DPC,No
41.2676889,-96.0987873,Hybrid,Yes
34.7449423,-112.0161113,Hybrid,No
42.7695697,-73.8223816,Pure DPC,No
37.4765895,-105.8927347,Pure DPC,No
43.6562788,-94.4620052,Hybrid,No
34.1572432,-118.4080766,Pure DPC,No
33.3671299,-84.567242,Pure DPC,No
39.5287274,-104.8720804,Pure DPC,No
47.6422558,-117.4075809,Hybrid,No
39.8972373,-75.0330267,Pure DPC,Yes
32.7485473,-97.1196476,Pure DPC,No
31.8462032,-106.6219412,Hybrid,No
38.6541127,-94.3491672,Pure DPC,No
39.8971822,-85.91750739999999,Pure DPC,No
30.014681,-95.61626199999999,Pure DPC,Yes
32.6976514,-97.1260788,Pure DPC,Yes
40.1012871,-82.81836419999999,Pure DPC,Yes
32.4432916,-93.7089539,Pure DPC,Yes
45.03523879999999,-93.792262,Pure DPC,Yes
47.6397566,-122.377006,Pure DPC,No
28.2542296,-81.4815457,Pure DPC,No
46.8385989,-92.0096949,Pure DPC,No
43.4350602,-112.1236384,Hybrid,No
43.854461,-111.776024,Hybrid,No
42.9352475,-112.4597891,Hybrid,No
42.5352004,-113.7773525,Hybrid,No
43.5152437,-114.312573,Hybrid,No
46.3991824,-117.0002578,Hybrid,No
43.6329134,-116.3549798,Hybrid,No
43.5898899,-116.319334,Hybrid,No
43.6047119,-116.601195,Hybrid,No
37.7843526,-79.44114929999999,Pure DPC,No
41.3082135,-105.5685077,Pure DPC,No
37.9220387,-122.0300703,Pure DPC,No
30.3787506,-86.2299874,Pure DPC,No
45.2977339,-122.7747782,Pure DPC,No
47.7380728,-122.6426589,Pure DPC,No
43.8943583,-69.96902759999999,Pure DPC,No
44.9297486,-123.042789,Pure DPC,No
37.5120211,-77.5244659,Pure DPC,No
38.5854793,-89.9268682,Pure DPC,No
39.3354265,-80.2339882,Hybrid,No
41.6661298,-81.2416978,Pure DPC,No
43.6445236,-93.38851919999999,Pure DPC,No
39.8954503,-82.42087670000001,Pure DPC,No
42.0603264,-80.2069546,Hybrid,No
40.4884059,-74.50774539999999,Unknown/Other,No
33.6257493,-117.9058139,Pure DPC,No
41.8071275,-73.7935724,Pure DPC,No
35.3026822,-97.72606019999999,Pure DPC,No
40.10602540000001,-83.01614719999999,Pure DPC,No
41.4016556,-81.4620331,Pure DPC,No
31.0853608,-97.4639449,Hybrid,No
40.7561036,-93.31077649999999,Pure DPC,No
26.2738832,-81.7408658,Pure DPC,No
36.5930469,-121.8951215,Hybrid,No
39.9550808,-85.99701519999999,Pure DPC,No
35.9399947,-86.8304842,Pure DPC,Yes
34.275635,-119.2569311,Pure DPC,No
43.0194835,-70.9155423,Unknown/Other,No
29.8084542,-95.42951509999999,Pure DPC,Yes
27.3869291,-82.4408555,Pure DPC,No
44.8059591,-68.758785,Pure DPC,No
29.8107565,-81.32340099999999,Pure DPC,No
41.2979811,-86.624202,Pure DPC,No
32.266474,-110.890845,Pure DPC,No
39.7726699,-105.006889,Pure DPC,No
38.9297222,-77.1804555,Pure DPC,Yes
39.1394988,-78.1901548,Pure DPC,No
25.7932394,-80.3379343,Pure DPC,No
34.7243661,-76.74606159999999,Pure DPC,No
29.7148221,-98.16706099999999,Pure DPC,No
42.7580986,-73.7772397,Pure DPC,Yes
35.4419964,-80.5917407,Hybrid,No
42.2263951,-121.7812163,Pure DPC,No
40.4092774,-82.95458769999999,Pure DPC,No
28.6777388,-81.5186655,Hybrid,No
41.6661298,-81.2416978,Pure DPC,Yes
39.9142659,-75.0632916,Pure DPC,Yes
39.9168883,-74.9501504,Pure DPC,Yes
39.995758,-74.8847739,Pure DPC,Yes
40.1441425,-74.7102597,Pure DPC,Yes
33.0980794,-96.6628515,Pure DPC,Yes
33.1079895,-96.8329225,Pure DPC,Yes
33.1737404,-96.7228038,Pure DPC,Yes
29.9745072,-95.6443989,Pure DPC,Yes
28.6068345,-81.3655651,Pure DPC,Yes
28.0869088,-82.7388022,Pure DPC,Yes
36.3022199,-94.19043289999999,Pure DPC,Yes
36.30173449999999,-94.18585139999999,Pure DPC,Yes
36.3168817,-94.188693,Pure DPC,Yes
36.3130521,-94.1798756,Pure DPC,Yes
36.3352669,-94.19516809999999,Pure DPC,Yes
36.3361787,-94.2255066,Pure DPC,Yes
36.3361787,-94.2255066,Pure DPC,Yes
36.3674334,-94.2034943,Pure DPC,Yes
36.3583483,-94.27954179999999,Pure DPC,Yes
36.2544835,-94.1401305,Pure DPC,Yes
36.2093935,-94.22848429999999,Pure DPC,Yes
36.1649312,-94.09522869999999,Pure DPC,Yes
36.1851205,-94.12101190000001,Pure DPC,Yes
36.1075281,-94.15746940000001,Pure DPC,Yes
36.0792759,-94.21671719999999,Pure DPC,Yes
36.1131486,-94.1563552,Pure DPC,Yes
36.1062642,-94.1433472,Pure DPC,Yes
36.1029035,-94.1647783,Pure DPC,Yes
28.2240681,-80.7314605,Pure DPC,No
35.9749455,-78.9292601,Pure DPC,No
41.4547918,-71.4703798,Unknown/Other,No
32.9361066,-97.23944569999999,Hybrid,No
42.7932546,-83.7072048,Pure DPC,No
35.3550485,-119.1128209,Pure DPC,No
43.0713313,-89.3879836,Pure DPC,No
37.6870422,-97.2427288,Pure DPC,No
46.8397292,-100.7697404,Pure DPC,No
25.8249824,-80.1913891,Pure DPC,No
25.7600006,-80.238342,Pure DPC,No
25.6297366,-80.42677739999999,Pure DPC,No
25.4764026,-80.44645229999999,Pure DPC,No
25.70187,-80.38079929999999,Pure DPC,No
25.8900551,-80.1621601,Hybrid,No
43.4990435,-96.7825699,Hybrid,No
29.6122944,-98.489909,Pure DPC,Yes
39.6579073,-84.1337942,Pure DPC,No
33.7763907,-118.034843,Hybrid,No
42.6078488,-83.26711689999999,Pure DPC,No
35.9637885,-77.8622326,Pure DPC,No
44.6705227,-70.1481313,Pure DPC,No
29.6457238,-98.4526068,Unknown/Other,No
33.6398049,-111.8935807,Pure DPC,No
38.4479405,-107.8672264,Pure DPC,No
25.9153277,-80.3094143,Hybrid,No
44.9784413,-85.64910139999999,Pure DPC,No
33.5087464,-112.0438644,Hybrid,No
33.64408969999999,-111.8826753,Hybrid,No
33.6716534,-112.2025169,Hybrid,No
33.2342807,-111.8404165,Hybrid,No
32.4281653,-93.74119669999999,Hybrid,No
37.6837273,-97.4447501,Pure DPC,No
27.4362963,-82.4491106,Hybrid,No
25.9293646,-80.2039734,Hybrid,No
25.6284137,-80.3391364,Hybrid,No
25.1021719,-80.433065,Pure DPC,No
38.8735082,-77.2323425,Hybrid,No
38.91826229999999,-76.463775,Pure DPC,No
37.1465454,-93.2697554,Hybrid,No
33.8005224,-84.4085375,Pure DPC,No
19.7216023,-155.084887,Pure DPC,No
35.7945018,-78.74865609999999,Pure DPC,No
35.1766935,-106.5684712,Pure DPC,No
40.4387324,-75.3402158,Pure DPC,No
33.9616956,-83.3897885,Hybrid,No
43.9088602,-70.0018688,Pure DPC,No
39.7539548,-105.0237833,Pure DPC,No
27.8240172,-82.63828889999999,Pure DPC,No
32.6466879,-97.42723500000001,Pure DPC,No
28.8110882,-81.8697375,Pure DPC,No
38.5570415,-92.1922489,Pure DPC,No
41.4189144,-87.36471080000001,Pure DPC,No
32.3211415,-111.0084108,Pure DPC,No
40.7527121,-73.9935733,Pure DPC,No
48.7199379,-122.5018419,Pure DPC,No
34.105895,-117.553102,Hybrid,No
29.5924252,-98.5293196,Pure DPC,No
41.0368773,-74.6368866,Pure DPC,No
30.04564349999999,-95.49013579999999,Pure DPC,No
38.8595391,-83.87720999999999,Hybrid,No
29.7886099,-95.5834315,Pure DPC,No
39.7701095,-76.67587689999999,Pure DPC,No
33.3943312,-84.7692657,Pure DPC,No
37.7911579,-122.4183957,Pure DPC,No
29.8125845,-94.98236299999999,Pure DPC,No
29.4779076,-95.09805349999999,Hybrid,No
40.0359647,-105.2423724,Pure DPC,No
38.67158310000001,-121.1650372,Hybrid,No
41.798533,-88.2026075,Pure DPC,No
41.7357229,-93.60190089999999,Pure DPC,No
33.8379823,-84.3134623,Pure DPC,No
39.7998371,-89.6874986,Pure DPC,Yes
41.3577615,-93.55019089999999,Pure DPC,No
28.0385861,-81.5177762,Pure DPC,No
33.4488442,-112.357056,Hybrid,No
34.7840912,-91.7469449,Pure DPC,No
34.0775022,-117.5756243,Unknown/Other,No
40.1516435,-75.224463,Pure DPC,No
41.2417079,-81.3493518,Pure DPC,No
39.6848389,-104.9427648,Pure DPC,No
40.5642053,-105.0576019,Pure DPC,No
33.1138072,-96.80795909999999,Pure DPC,No
27.3905743,-82.4400926,Pure DPC,No
40.96288699999999,-85.371371,Pure DPC,No
47.6735315,-117.2327163,Hybrid,No
40.8243849,-73.5041473,Hybrid,No
28.5634949,-81.5865219,Pure DPC,No
47.5432034,-122.044005,Pure DPC,No
40.228362,-74.9212426,Pure DPC,No
28.5328186,-82.52309389999999,Pure DPC,No
38.2998905,-77.4688079,Pure DPC,No
39.9143536,-75.0629993,Pure DPC,No
40.7555266,-73.99890590000001,Pure DPC,No
45.5314275,-122.6989929,Pure DPC,No
32.578651,-97.36070819999999,Pure DPC,No
46.5948735,-120.5234293,Hybrid,No
37.5942495,-77.5654819,Pure DPC,No
40.3712278,-74.6571405,Pure DPC,No
37.6246503,-77.3876787,Pure DPC,No
32.7247518,-117.1636141,Pure DPC,No
33.627939,-117.926285,Hybrid,No
34.0365754,-84.082025,Pure DPC,No
30.7605855,-86.57130529999999,Pure DPC,No
39.75276179999999,-75.5287151,Pure DPC,No
30.421214,-87.2192568,Pure DPC,No
30.1260276,-95.4536811,Pure DPC,No
38.7519669,-90.5499071,Pure DPC,No
39.8234372,-86.15635089999999,Hybrid,No
46.2383985,-119.1078451,Pure DPC,No
40.71018,-74.0110657,Pure DPC,No
42.0204719,-93.6182184,Pure DPC,No
40.8189366,-91.14065169999999,Pure DPC,No
44.0830183,-70.2523939,Hybrid,No
48.2850701,-116.5673841,Pure DPC,No
41.4940696,-71.3096462,Pure DPC,No
42.1421259,-77.05734009999999,Pure DPC,Yes
40.6819353,-74.6503359,Pure DPC,No
39.9988768,-83.03137579999999,Pure DPC,No
36.591838,-121.896134,Unknown/Other,Yes
44.7822597,-106.949215,Pure DPC,Yes
40.4844774,-78.725169,Pure DPC,No
42.7877068,-86.0815028,Pure DPC,Yes
37.5030674,-122.2114508,Pure DPC,No
33.507164,-117.1236239,Pure DPC,No
35.2492181,-120.6424373,Pure DPC,No
47.6239847,-122.1865352,Pure DPC,No
38.9789902,-76.5357016,Pure DPC,Yes
32.530491,-84.993909,Pure DPC,No
42.262502,-89.024166,Unknown/Other,No
33.5256713,-117.7150513,Pure DPC,Yes
36.1637359,-86.516984,Hybrid,No
40.7456879,-74.2572265,Pure DPC,No
35.9580781,-85.04023049999999,Pure DPC,No
33.9224773,-83.4651222,Pure DPC,No
42.8419078,-71.7189892,Pure DPC,No
35.9715654,-78.9591102,Pure DPC,No
39.9422253,-86.1488531,Pure DPC,Yes
